timestamp_utc,phase,index,name,gpu_util_pct,memory_util_pct,memory_used_mib,memory_total_mib,power_draw_w,power_limit_w,temperature_c,sm_clock_mhz
2026-08-07T11:48:27.697Z,orchestration,0, Tesla V100-PCIE-32GB, 0, 0, 0, 32768, 39.92, 250.00, 31, 1230
2026-08-07T11:48:28.736Z,sibyl_graph_build,0, Tesla V100-PCIE-32GB, 0, 0, 0, 32768, 39.62, 250.00, 31, 1357
2026-08-07T11:48:29.776Z,sibyl_graph_build,0, Tesla V100-PCIE-32GB, 0, 0, 0, 32768, 39.81, 250.00, 31, 1357
2026-08-07T11:48:30.817Z,sibyl_graph_build,0, Tesla V100-PCIE-32GB, 0, 0, 0, 32768, 39.62, 250.00, 31, 1357
2026-08-07T11:48:31.859Z,sibyl_graph_build,0, Tesla V100-PCIE-32GB, 0, 0, 0, 32768, 39.62, 250.00, 31, 1357
2026-08-07T11:48:32.908Z,sibyl_graph_build,0, Tesla V100-PCIE-32GB, 0, 0, 0, 32768, 39.72, 250.00, 31, 1357
2026-08-07T11:48:33.948Z,sibyl_graph_build,0, Tesla V100-PCIE-32GB, 0, 0, 0, 32768, 39.72, 250.00, 31, 1357
2026-08-07T11:48:34.989Z,sibyl_graph_build,0, Tesla V100-PCIE-32GB, 0, 0, 0, 32768, 39.79, 250.00, 31, 1357
2026-08-07T11:48:36.036Z,sibyl_graph_build,0, Tesla V100-PCIE-32GB, 0, 0, 0, 32768, 39.72, 250.00, 31, 1357
2026-08-07T11:48:37.075Z,sibyl_graph_build,0, Tesla V100-PCIE-32GB, 0, 0, 0, 32768, 39.72, 250.00, 31, 1357
2026-08-07T11:48:38.116Z,sibyl_graph_build,0, Tesla V100-PCIE-32GB, 0, 0, 0, 32768, 39.62, 250.00, 31, 1357
2026-08-07T11:48:39.157Z,sibyl_graph_build,0, Tesla V100-PCIE-32GB, 0, 0, 0, 32768, 39.62, 250.00, 31, 1357
2026-08-07T11:48:40.210Z,sibyl_graph_build,0, Tesla V100-PCIE-32GB, 0, 0, 0, 32768, 39.60, 250.00, 31, 1357
2026-08-07T11:48:41.248Z,sibyl_graph_build,0, Tesla V100-PCIE-32GB, 0, 0, 0, 32768, 39.62, 250.00, 31, 1357
2026-08-07T11:48:42.290Z,sibyl_graph_build,0, Tesla V100-PCIE-32GB, 0, 0, 0, 32768, 39.62, 250.00, 31, 1357
2026-08-07T11:48:43.337Z,sibyl_graph_build,0, Tesla V100-PCIE-32GB, 0, 0, 0, 32768, 39.69, 250.00, 31, 1357
2026-08-07T11:48:44.376Z,sibyl_graph_build,0, Tesla V100-PCIE-32GB, 0, 0, 0, 32768, 39.72, 250.00, 31, 1357
2026-08-07T11:48:45.415Z,sibyl_graph_build,0, Tesla V100-PCIE-32GB, 0, 0, 0, 32768, 39.72, 250.00, 31, 1357
2026-08-07T11:48:46.456Z,sibyl_graph_build,0, Tesla V100-PCIE-32GB, 0, 0, 0, 32768, 39.72, 250.00, 31, 1357
2026-08-07T11:48:47.499Z,sibyl_graph_build,0, Tesla V100-PCIE-32GB, 0, 0, 0, 32768, 39.72, 250.00, 31, 1357
2026-08-07T11:48:48.538Z,sibyl_graph_build,0, Tesla V100-PCIE-32GB, 0, 0, 0, 32768, 39.79, 250.00, 31, 1357
2026-08-07T11:48:49.583Z,sibyl_graph_build,0, Tesla V100-PCIE-32GB, 0, 0, 0, 32768, 39.72, 250.00, 31, 1357
2026-08-07T11:48:50.626Z,sibyl_graph_build,0, Tesla V100-PCIE-32GB, 0, 0, 0, 32768, 39.82, 250.00, 31, 1357
2026-08-07T11:48:51.666Z,sibyl_graph_build,0, Tesla V100-PCIE-32GB, 0, 0, 0, 32768, 39.72, 250.00, 31, 1357
2026-08-07T11:48:52.717Z,sibyl_graph_build,0, Tesla V100-PCIE-32GB, 0, 0, 0, 32768, 39.72, 250.00, 31, 1357
2026-08-07T11:48:53.756Z,sibyl_graph_build,0, Tesla V100-PCIE-32GB, 0, 0, 0, 32768, 39.78, 250.00, 31, 1357
2026-08-07T11:48:54.795Z,sibyl_graph_build,0, Tesla V100-PCIE-32GB, 0, 0, 0, 32768, 39.72, 250.00, 31, 1357
2026-08-07T11:48:55.841Z,sibyl_graph_build,0, Tesla V100-PCIE-32GB, 0, 0, 0, 32768, 39.72, 250.00, 31, 1357
2026-08-07T11:48:56.880Z,sibyl_graph_build,0, Tesla V100-PCIE-32GB, 0, 0, 0, 32768, 39.78, 250.00, 31, 1357
2026-08-07T11:48:57.925Z,sibyl_graph_build,0, Tesla V100-PCIE-32GB, 0, 0, 0, 32768, 39.72, 250.00, 31, 1357
2026-08-07T11:48:58.965Z,sibyl_graph_build,0, Tesla V100-PCIE-32GB, 0, 0, 0, 32768, 39.82, 250.00, 31, 1357
2026-08-07T11:49:00.011Z,sibyl_graph_build,0, Tesla V100-PCIE-32GB, 0, 0, 0, 32768, 39.82, 250.00, 31, 1357
2026-08-07T11:49:01.060Z,sibyl_graph_build,0, Tesla V100-PCIE-32GB, 0, 0, 0, 32768, 39.82, 250.00, 31, 1357
2026-08-07T11:49:02.099Z,sibyl_graph_build,0, Tesla V100-PCIE-32GB, 0, 0, 0, 32768, 39.79, 250.00, 31, 1357
2026-08-07T11:49:03.149Z,sibyl_graph_build,0, Tesla V100-PCIE-32GB, 0, 0, 0, 32768, 26.63, 250.00, 31, 300
2026-08-07T11:49:04.188Z,sibyl_graph_build,0, Tesla V100-PCIE-32GB, 0, 0, 0, 32768, 26.72, 250.00, 31, 300
2026-08-07T11:49:05.231Z,sibyl_graph_build,0, Tesla V100-PCIE-32GB, 0, 0, 0, 32768, 26.62, 250.00, 31, 300
2026-08-07T11:49:06.270Z,sibyl_graph_build,0, Tesla V100-PCIE-32GB, 0, 0, 0, 32768, 25.84, 250.00, 31, 135
2026-08-07T11:49:07.318Z,sibyl_graph_build,0, Tesla V100-PCIE-32GB, 0, 0, 0, 32768, 25.94, 250.00, 30, 135
2026-08-07T11:49:08.360Z,sibyl_graph_build,0, Tesla V100-PCIE-32GB, 0, 0, 0, 32768, 25.84, 250.00, 30, 135
2026-08-07T11:49:09.410Z,sibyl_graph_build,0, Tesla V100-PCIE-32GB, 0, 0, 0, 32768, 25.75, 250.00, 31, 135
2026-08-07T11:49:10.451Z,sibyl_graph_build,0, Tesla V100-PCIE-32GB, 0, 0, 0, 32768, 25.82, 250.00, 30, 135
2026-08-07T11:49:11.492Z,sibyl_graph_build,0, Tesla V100-PCIE-32GB, 0, 0, 0, 32768, 25.84, 250.00, 30, 135
2026-08-07T11:49:12.532Z,sibyl_graph_build,0, Tesla V100-PCIE-32GB, 0, 0, 0, 32768, 25.84, 250.00, 30, 135
2026-08-07T11:49:13.571Z,sibyl_graph_build,0, Tesla V100-PCIE-32GB, 0, 0, 0, 32768, 25.74, 250.00, 30, 135
2026-08-07T11:49:14.619Z,sibyl_graph_build,0, Tesla V100-PCIE-32GB, 0, 0, 0, 32768, 25.84, 250.00, 30, 135
2026-08-07T11:49:15.658Z,sibyl_graph_build,0, Tesla V100-PCIE-32GB, 0, 0, 0, 32768, 25.72, 250.00, 30, 135
2026-08-07T11:49:16.711Z,sibyl_graph_build,0, Tesla V100-PCIE-32GB, 0, 0, 0, 32768, 25.84, 250.00, 30, 135
2026-08-07T11:49:17.752Z,sibyl_graph_build,0, Tesla V100-PCIE-32GB, 0, 0, 0, 32768, 25.84, 250.00, 30, 135
2026-08-07T11:49:18.792Z,sibyl_graph_build,0, Tesla V100-PCIE-32GB, 0, 0, 0, 32768, 25.74, 250.00, 30, 135
2026-08-07T11:49:19.841Z,sibyl_graph_build,0, Tesla V100-PCIE-32GB, 0, 0, 0, 32768, 25.84, 250.00, 30, 135
2026-08-07T11:49:20.891Z,sibyl_graph_build,0, Tesla V100-PCIE-32GB, 0, 0, 0, 32768, 25.82, 250.00, 30, 135
2026-08-07T11:49:21.942Z,sibyl_graph_build,0, Tesla V100-PCIE-32GB, 0, 0, 0, 32768, 25.74, 250.00, 30, 135
2026-08-07T11:49:22.980Z,sibyl_graph_build,0, Tesla V100-PCIE-32GB, 0, 0, 0, 32768, 25.74, 250.00, 30, 135
2026-08-07T11:49:24.020Z,sibyl_graph_build,0, Tesla V100-PCIE-32GB, 0, 0, 0, 32768, 25.72, 250.00, 30, 135
2026-08-07T11:49:25.062Z,sibyl_graph_build,0, Tesla V100-PCIE-32GB, 0, 0, 0, 32768, 25.74, 250.00, 30, 135
2026-08-07T11:49:26.114Z,sibyl_graph_build,0, Tesla V100-PCIE-32GB, 0, 0, 0, 32768, 25.75, 250.00, 30, 135
2026-08-07T11:49:27.155Z,sibyl_graph_build,0, Tesla V100-PCIE-32GB, 0, 0, 0, 32768, 25.84, 250.00, 30, 135
2026-08-07T11:49:28.194Z,sibyl_graph_build,0, Tesla V100-PCIE-32GB, 0, 0, 0, 32768, 25.84, 250.00, 30, 135
2026-08-07T11:49:29.247Z,sibyl_graph_build,0, Tesla V100-PCIE-32GB, 0, 0, 0, 32768, 25.72, 250.00, 30, 135
2026-08-07T11:49:30.289Z,sibyl_graph_build,0, Tesla V100-PCIE-32GB, 0, 0, 0, 32768, 25.75, 250.00, 30, 135
2026-08-07T11:49:31.333Z,sibyl_graph_build,0, Tesla V100-PCIE-32GB, 0, 0, 0, 32768, 25.74, 250.00, 30, 135
2026-08-07T11:49:32.380Z,sibyl_graph_build,0, Tesla V100-PCIE-32GB, 0, 0, 0, 32768, 25.74, 250.00, 30, 135
2026-08-07T11:49:33.419Z,sibyl_graph_build,0, Tesla V100-PCIE-32GB, 0, 0, 0, 32768, 25.74, 250.00, 30, 135
2026-08-07T11:49:34.459Z,sibyl_graph_build,0, Tesla V100-PCIE-32GB, 0, 0, 0, 32768, 25.72, 250.00, 30, 135
2026-08-07T11:49:35.499Z,sibyl_graph_build,0, Tesla V100-PCIE-32GB, 0, 0, 0, 32768, 25.74, 250.00, 30, 135
2026-08-07T11:49:36.541Z,sibyl_graph_build,0, Tesla V100-PCIE-32GB, 0, 0, 0, 32768, 25.74, 250.00, 30, 135
2026-08-07T11:49:37.583Z,sibyl_graph_build,0, Tesla V100-PCIE-32GB, 0, 0, 0, 32768, 25.72, 250.00, 30, 135
2026-08-07T11:49:38.632Z,sibyl_graph_build,0, Tesla V100-PCIE-32GB, 0, 0, 0, 32768, 25.75, 250.00, 30, 135
2026-08-07T11:49:39.671Z,sibyl_graph_build,0, Tesla V100-PCIE-32GB, 0, 0, 0, 32768, 25.74, 250.00, 30, 135
2026-08-07T11:49:40.710Z,sibyl_graph_build,0, Tesla V100-PCIE-32GB, 0, 0, 0, 32768, 25.75, 250.00, 30, 135
2026-08-07T11:49:41.751Z,sibyl_graph_build,0, Tesla V100-PCIE-32GB, 0, 0, 0, 32768, 25.65, 250.00, 30, 135
2026-08-07T11:49:42.797Z,sibyl_graph_build,0, Tesla V100-PCIE-32GB, 0, 0, 0, 32768, 25.63, 250.00, 30, 135
2026-08-07T11:49:43.841Z,sibyl_graph_build,0, Tesla V100-PCIE-32GB, 0, 0, 0, 32768, 25.75, 250.00, 30, 135
2026-08-07T11:49:44.879Z,sibyl_graph_build,0, Tesla V100-PCIE-32GB, 0, 0, 0, 32768, 25.75, 250.00, 30, 135
2026-08-07T11:49:45.932Z,sibyl_graph_build,0, Tesla V100-PCIE-32GB, 0, 0, 0, 32768, 25.64, 250.00, 30, 135
2026-08-07T11:49:46.972Z,sibyl_graph_build,0, Tesla V100-PCIE-32GB, 0, 0, 0, 32768, 25.75, 250.00, 30, 135
2026-08-07T11:49:48.017Z,sibyl_graph_build,0, Tesla V100-PCIE-32GB, 0, 0, 0, 32768, 25.63, 250.00, 30, 135
2026-08-07T11:49:49.060Z,sibyl_graph_build,0, Tesla V100-PCIE-32GB, 0, 0, 0, 32768, 25.65, 250.00, 30, 135
2026-08-07T11:49:50.100Z,sibyl_graph_build,0, Tesla V100-PCIE-32GB, 0, 0, 0, 32768, 25.64, 250.00, 30, 135
2026-08-07T11:49:51.145Z,sibyl_graph_build,0, Tesla V100-PCIE-32GB, 0, 0, 0, 32768, 25.65, 250.00, 30, 135
2026-08-07T11:49:52.185Z,sibyl_graph_build,0, Tesla V100-PCIE-32GB, 0, 0, 0, 32768, 25.65, 250.00, 30, 135
2026-08-07T11:49:53.243Z,sibyl_graph_build,0, Tesla V100-PCIE-32GB, 0, 0, 0, 32768, 25.64, 250.00, 30, 135
2026-08-07T11:49:54.284Z,sibyl_graph_build,0, Tesla V100-PCIE-32GB, 0, 0, 0, 32768, 25.65, 250.00, 30, 135
2026-08-07T11:49:55.332Z,sibyl_graph_build,0, Tesla V100-PCIE-32GB, 0, 0, 0, 32768, 25.65, 250.00, 29, 135
2026-08-07T11:49:56.373Z,sibyl_graph_build,0, Tesla V100-PCIE-32GB, 0, 0, 0, 32768, 25.64, 250.00, 29, 135
2026-08-07T11:49:57.415Z,sibyl_graph_build,0, Tesla V100-PCIE-32GB, 0, 0, 0, 32768, 25.64, 250.00, 29, 135
2026-08-07T11:49:58.454Z,sibyl_graph_build,0, Tesla V100-PCIE-32GB, 0, 0, 0, 32768, 25.64, 250.00, 30, 135
2026-08-07T11:49:59.493Z,sibyl_graph_build,0, Tesla V100-PCIE-32GB, 0, 0, 0, 32768, 25.65, 250.00, 30, 135
2026-08-07T11:50:00.540Z,sibyl_graph_build,0, Tesla V100-PCIE-32GB, 0, 0, 0, 32768, 25.64, 250.00, 29, 135
2026-08-07T11:50:01.584Z,sibyl_graph_build,0, Tesla V100-PCIE-32GB, 0, 0, 0, 32768, 25.63, 250.00, 29, 135
2026-08-07T11:50:02.631Z,sibyl_graph_build,0, Tesla V100-PCIE-32GB, 0, 0, 0, 32768, 25.64, 250.00, 30, 135
2026-08-07T11:50:03.673Z,sibyl_graph_build,0, Tesla V100-PCIE-32GB, 0, 0, 0, 32768, 25.75, 250.00, 29, 135
2026-08-07T11:50:04.715Z,sibyl_graph_build,0, Tesla V100-PCIE-32GB, 0, 0, 0, 32768, 25.64, 250.00, 29, 135
2026-08-07T11:50:05.755Z,sibyl_graph_build,0, Tesla V100-PCIE-32GB, 0, 0, 0, 32768, 25.64, 250.00, 29, 135
2026-08-07T11:50:06.800Z,sibyl_graph_build,0, Tesla V100-PCIE-32GB, 0, 0, 0, 32768, 25.64, 250.00, 29, 135
2026-08-07T11:50:07.844Z,sibyl_graph_build,0, Tesla V100-PCIE-32GB, 0, 0, 0, 32768, 25.64, 250.00, 29, 135
2026-08-07T11:50:08.890Z,sibyl_graph_build,0, Tesla V100-PCIE-32GB, 0, 0, 0, 32768, 25.65, 250.00, 29, 135
2026-08-07T11:50:09.936Z,sibyl_graph_build,0, Tesla V100-PCIE-32GB, 0, 0, 0, 32768, 25.63, 250.00, 29, 135
2026-08-07T11:50:10.983Z,sibyl_graph_build,0, Tesla V100-PCIE-32GB, 0, 0, 0, 32768, 25.65, 250.00, 29, 135
2026-08-07T11:50:12.031Z,sibyl_graph_build,0, Tesla V100-PCIE-32GB, 0, 0, 0, 32768, 25.64, 250.00, 29, 135
2026-08-07T11:50:13.069Z,sibyl_graph_build,0, Tesla V100-PCIE-32GB, 0, 0, 0, 32768, 25.65, 250.00, 29, 135
2026-08-07T11:50:14.115Z,sibyl_graph_build,0, Tesla V100-PCIE-32GB, 0, 0, 0, 32768, 25.64, 250.00, 29, 135
2026-08-07T11:50:15.157Z,sibyl_graph_build,0, Tesla V100-PCIE-32GB, 0, 0, 0, 32768, 25.63, 250.00, 29, 135
2026-08-07T11:50:16.196Z,sibyl_graph_build,0, Tesla V100-PCIE-32GB, 0, 0, 0, 32768, 25.64, 250.00, 29, 135
2026-08-07T11:50:17.245Z,sibyl_graph_build,0, Tesla V100-PCIE-32GB, 0, 0, 0, 32768, 25.65, 250.00, 29, 135
2026-08-07T11:50:18.284Z,sibyl_graph_build,0, Tesla V100-PCIE-32GB, 0, 0, 0, 32768, 25.65, 250.00, 29, 135
2026-08-07T11:50:19.330Z,sibyl_graph_build,0, Tesla V100-PCIE-32GB, 0, 0, 0, 32768, 25.64, 250.00, 29, 135
2026-08-07T11:50:20.369Z,sibyl_graph_build,0, Tesla V100-PCIE-32GB, 0, 0, 0, 32768, 25.72, 250.00, 29, 135
2026-08-07T11:50:21.419Z,sibyl_graph_build,0, Tesla V100-PCIE-32GB, 0, 0, 0, 32768, 25.64, 250.00, 29, 135
2026-08-07T11:50:22.458Z,sibyl_graph_build,0, Tesla V100-PCIE-32GB, 0, 0, 0, 32768, 25.74, 250.00, 29, 135
2026-08-07T11:50:23.500Z,sibyl_graph_build,0, Tesla V100-PCIE-32GB, 0, 0, 0, 32768, 25.63, 250.00, 29, 135
2026-08-07T11:50:24.544Z,sibyl_graph_build,0, Tesla V100-PCIE-32GB, 0, 0, 0, 32768, 25.65, 250.00, 29, 135
2026-08-07T11:50:25.587Z,sibyl_graph_build,0, Tesla V100-PCIE-32GB, 0, 0, 0, 32768, 25.65, 250.00, 29, 135
2026-08-07T11:50:26.632Z,sibyl_graph_build,0, Tesla V100-PCIE-32GB, 0, 0, 0, 32768, 25.65, 250.00, 29, 135
2026-08-07T11:50:27.671Z,sibyl_graph_build,0, Tesla V100-PCIE-32GB, 0, 0, 0, 32768, 25.64, 250.00, 29, 135
2026-08-07T11:50:28.718Z,sibyl_graph_build,0, Tesla V100-PCIE-32GB, 0, 0, 0, 32768, 25.63, 250.00, 29, 135
2026-08-07T11:50:29.758Z,sibyl_graph_build,0, Tesla V100-PCIE-32GB, 0, 0, 0, 32768, 25.65, 250.00, 29, 135
2026-08-07T11:50:30.799Z,sibyl_graph_build,0, Tesla V100-PCIE-32GB, 0, 0, 0, 32768, 25.74, 250.00, 29, 135
2026-08-07T11:50:31.843Z,sibyl_graph_build,0, Tesla V100-PCIE-32GB, 0, 0, 0, 32768, 25.65, 250.00, 29, 135
2026-08-07T11:50:32.883Z,sibyl_graph_build,0, Tesla V100-PCIE-32GB, 0, 0, 0, 32768, 25.74, 250.00, 29, 135
2026-08-07T11:50:33.926Z,sibyl_graph_build,0, Tesla V100-PCIE-32GB, 0, 0, 0, 32768, 25.63, 250.00, 29, 135
2026-08-07T11:50:34.968Z,sibyl_graph_build,0, Tesla V100-PCIE-32GB, 0, 0, 0, 32768, 25.65, 250.00, 29, 135
2026-08-07T11:50:36.016Z,sibyl_graph_build,0, Tesla V100-PCIE-32GB, 0, 0, 0, 32768, 25.64, 250.00, 29, 135
2026-08-07T11:50:37.054Z,sibyl_graph_build,0, Tesla V100-PCIE-32GB, 0, 0, 0, 32768, 25.65, 250.00, 29, 135
2026-08-07T11:50:38.095Z,sibyl_graph_build,0, Tesla V100-PCIE-32GB, 0, 0, 0, 32768, 25.64, 250.00, 29, 135
2026-08-07T11:50:39.143Z,sibyl_graph_build,0, Tesla V100-PCIE-32GB, 0, 0, 0, 32768, 25.74, 250.00, 29, 135
2026-08-07T11:50:40.181Z,sibyl_graph_build,0, Tesla V100-PCIE-32GB, 0, 0, 0, 32768, 25.65, 250.00, 29, 135
2026-08-07T11:50:41.227Z,sibyl_graph_build,0, Tesla V100-PCIE-32GB, 0, 0, 0, 32768, 25.64, 250.00, 29, 135
2026-08-07T11:50:42.268Z,sibyl_graph_build,0, Tesla V100-PCIE-32GB, 0, 0, 0, 32768, 25.63, 250.00, 29, 135
2026-08-07T11:50:43.314Z,sibyl_graph_build,0, Tesla V100-PCIE-32GB, 0, 0, 0, 32768, 25.64, 250.00, 29, 135
2026-08-07T11:50:44.351Z,sibyl_graph_build,0, Tesla V100-PCIE-32GB, 0, 0, 0, 32768, 25.64, 250.00, 29, 135
2026-08-07T11:50:45.392Z,sibyl_graph_build,0, Tesla V100-PCIE-32GB, 0, 0, 0, 32768, 25.65, 250.00, 29, 135
2026-08-07T11:50:46.436Z,sibyl_graph_build,0, Tesla V100-PCIE-32GB, 0, 0, 0, 32768, 25.64, 250.00, 29, 135
2026-08-07T11:50:47.475Z,sibyl_graph_build,0, Tesla V100-PCIE-32GB, 0, 0, 0, 32768, 25.63, 250.00, 29, 135
2026-08-07T11:50:48.522Z,sibyl_graph_build,0, Tesla V100-PCIE-32GB, 0, 0, 0, 32768, 25.64, 250.00, 29, 135
2026-08-07T11:50:49.561Z,sibyl_graph_build,0, Tesla V100-PCIE-32GB, 0, 0, 0, 32768, 25.64, 250.00, 29, 135
2026-08-07T11:50:50.599Z,sibyl_graph_build,0, Tesla V100-PCIE-32GB, 0, 0, 0, 32768, 25.65, 250.00, 29, 135
2026-08-07T11:50:51.643Z,sibyl_graph_build,0, Tesla V100-PCIE-32GB, 0, 0, 0, 32768, 25.64, 250.00, 29, 135
2026-08-07T11:50:52.682Z,sibyl_graph_build,0, Tesla V100-PCIE-32GB, 0, 0, 0, 32768, 25.63, 250.00, 29, 135
2026-08-07T11:50:53.730Z,sibyl_graph_build,0, Tesla V100-PCIE-32GB, 0, 0, 0, 32768, 25.64, 250.00, 29, 135
2026-08-07T11:50:54.771Z,sibyl_graph_build,0, Tesla V100-PCIE-32GB, 0, 0, 0, 32768, 25.65, 250.00, 29, 135
2026-08-07T11:50:55.817Z,sibyl_graph_build,0, Tesla V100-PCIE-32GB, 0, 0, 0, 32768, 25.65, 250.00, 29, 135
2026-08-07T11:50:56.855Z,sibyl_graph_build,0, Tesla V100-PCIE-32GB, 0, 0, 0, 32768, 25.64, 250.00, 29, 135
2026-08-07T11:50:57.894Z,sibyl_graph_build,0, Tesla V100-PCIE-32GB, 0, 0, 0, 32768, 25.64, 250.00, 29, 135
2026-08-07T11:50:58.940Z,sibyl_graph_build,0, Tesla V100-PCIE-32GB, 0, 0, 0, 32768, 25.65, 250.00, 29, 135
2026-08-07T11:50:59.978Z,sibyl_graph_build,0, Tesla V100-PCIE-32GB, 0, 0, 0, 32768, 25.65, 250.00, 29, 135
2026-08-07T11:51:01.020Z,sibyl_graph_build,0, Tesla V100-PCIE-32GB, 0, 0, 0, 32768, 25.63, 250.00, 29, 135
2026-08-07T11:51:02.060Z,sibyl_graph_build,0, Tesla V100-PCIE-32GB, 0, 0, 0, 32768, 25.64, 250.00, 29, 135
2026-08-07T11:51:03.111Z,sibyl_graph_build,0, Tesla V100-PCIE-32GB, 0, 0, 0, 32768, 25.65, 250.00, 29, 135
2026-08-07T11:51:04.149Z,sibyl_graph_build,0, Tesla V100-PCIE-32GB, 0, 0, 0, 32768, 25.64, 250.00, 29, 135
2026-08-07T11:51:05.186Z,sibyl_graph_build,0, Tesla V100-PCIE-32GB, 0, 0, 0, 32768, 25.65, 250.00, 29, 135
2026-08-07T11:51:06.233Z,sibyl_graph_build,0, Tesla V100-PCIE-32GB, 0, 0, 0, 32768, 25.63, 250.00, 29, 135
2026-08-07T11:51:07.271Z,sibyl_graph_build,0, Tesla V100-PCIE-32GB, 0, 0, 0, 32768, 25.64, 250.00, 29, 135
2026-08-07T11:51:08.320Z,sibyl_graph_build,0, Tesla V100-PCIE-32GB, 0, 0, 0, 32768, 25.64, 250.00, 29, 135
2026-08-07T11:51:09.358Z,sibyl_graph_build,0, Tesla V100-PCIE-32GB, 0, 0, 0, 32768, 25.64, 250.00, 29, 135
2026-08-07T11:51:10.411Z,sibyl_graph_build,0, Tesla V100-PCIE-32GB, 0, 0, 0, 32768, 25.64, 250.00, 29, 135
2026-08-07T11:51:11.449Z,sibyl_graph_build,0, Tesla V100-PCIE-32GB, 0, 0, 0, 32768, 25.63, 250.00, 29, 135
2026-08-07T11:51:12.489Z,sibyl_graph_build,0, Tesla V100-PCIE-32GB, 0, 0, 0, 32768, 25.64, 250.00, 29, 135
2026-08-07T11:51:13.531Z,sibyl_graph_build,0, Tesla V100-PCIE-32GB, 0, 0, 0, 32768, 25.64, 250.00, 29, 135
2026-08-07T11:51:14.569Z,sibyl_graph_build,0, Tesla V100-PCIE-32GB, 0, 0, 0, 32768, 25.64, 250.00, 29, 135
2026-08-07T11:51:15.615Z,sibyl_graph_build,0, Tesla V100-PCIE-32GB, 0, 0, 0, 32768, 25.64, 250.00, 29, 135
2026-08-07T11:51:16.653Z,sibyl_graph_build,0, Tesla V100-PCIE-32GB, 0, 0, 0, 32768, 25.64, 250.00, 29, 135
2026-08-07T11:51:17.692Z,sibyl_graph_build,0, Tesla V100-PCIE-32GB, 0, 0, 0, 32768, 25.64, 250.00, 29, 135
2026-08-07T11:51:18.735Z,sibyl_graph_build,0, Tesla V100-PCIE-32GB, 0, 0, 0, 32768, 25.64, 250.00, 29, 135
2026-08-07T11:51:19.780Z,sibyl_graph_build,0, Tesla V100-PCIE-32GB, 0, 0, 0, 32768, 25.63, 250.00, 29, 135
2026-08-07T11:51:20.826Z,sibyl_graph_build,0, Tesla V100-PCIE-32GB, 0, 0, 0, 32768, 25.75, 250.00, 29, 135
2026-08-07T11:51:21.871Z,sibyl_graph_build,0, Tesla V100-PCIE-32GB, 0, 0, 0, 32768, 25.55, 250.00, 29, 135
2026-08-07T11:51:22.916Z,sibyl_graph_build,0, Tesla V100-PCIE-32GB, 0, 0, 0, 32768, 25.64, 250.00, 29, 135
2026-08-07T11:51:23.954Z,sibyl_graph_build,0, Tesla V100-PCIE-32GB, 0, 0, 0, 32768, 25.65, 250.00, 29, 135
2026-08-07T11:51:24.993Z,sibyl_graph_build,0, Tesla V100-PCIE-32GB, 0, 0, 0, 32768, 25.63, 250.00, 29, 135
2026-08-07T11:51:26.044Z,sibyl_graph_build,0, Tesla V100-PCIE-32GB, 0, 0, 0, 32768, 25.64, 250.00, 29, 135
2026-08-07T11:51:27.082Z,sibyl_graph_build,0, Tesla V100-PCIE-32GB, 0, 0, 0, 32768, 25.64, 250.00, 29, 135
2026-08-07T11:51:28.130Z,sibyl_graph_build,0, Tesla V100-PCIE-32GB, 0, 0, 0, 32768, 25.53, 250.00, 29, 135
2026-08-07T11:51:29.167Z,sibyl_graph_build,0, Tesla V100-PCIE-32GB, 0, 0, 0, 32768, 25.64, 250.00, 29, 135
2026-08-07T11:51:30.217Z,sibyl_graph_build,0, Tesla V100-PCIE-32GB, 0, 0, 0, 32768, 25.65, 250.00, 29, 135
2026-08-07T11:51:31.264Z,sibyl_graph_build,0, Tesla V100-PCIE-32GB, 0, 0, 0, 32768, 25.64, 250.00, 29, 135
2026-08-07T11:51:32.315Z,sibyl_graph_build,0, Tesla V100-PCIE-32GB, 0, 0, 0, 32768, 25.65, 250.00, 29, 135
2026-08-07T11:51:33.353Z,sibyl_graph_build,0, Tesla V100-PCIE-32GB, 0, 0, 0, 32768, 25.63, 250.00, 29, 135
2026-08-07T11:51:34.394Z,sibyl_graph_build,0, Tesla V100-PCIE-32GB, 0, 0, 0, 32768, 25.64, 250.00, 29, 135
2026-08-07T11:51:35.437Z,sibyl_graph_build,0, Tesla V100-PCIE-32GB, 0, 0, 0, 32768, 25.64, 250.00, 29, 135
2026-08-07T11:51:36.476Z,sibyl_graph_build,0, Tesla V100-PCIE-32GB, 0, 0, 0, 32768, 25.65, 250.00, 29, 135
2026-08-07T11:51:37.521Z,sibyl_graph_build,0, Tesla V100-PCIE-32GB, 0, 0, 0, 32768, 25.64, 250.00, 29, 135
2026-08-07T11:51:38.561Z,sibyl_graph_build,0, Tesla V100-PCIE-32GB, 0, 0, 0, 32768, 25.63, 250.00, 29, 135
2026-08-07T11:51:39.613Z,sibyl_graph_build,0, Tesla V100-PCIE-32GB, 0, 0, 0, 32768, 25.65, 250.00, 29, 135
2026-08-07T11:51:40.652Z,sibyl_graph_build,0, Tesla V100-PCIE-32GB, 0, 0, 0, 32768, 25.65, 250.00, 29, 135
2026-08-07T11:51:41.689Z,sibyl_graph_build,0, Tesla V100-PCIE-32GB, 0, 0, 0, 32768, 25.63, 250.00, 29, 135
2026-08-07T11:51:42.734Z,sibyl_graph_build,0, Tesla V100-PCIE-32GB, 0, 0, 0, 32768, 25.65, 250.00, 29, 135
2026-08-07T11:51:43.774Z,sibyl_graph_build,0, Tesla V100-PCIE-32GB, 0, 0, 0, 32768, 25.65, 250.00, 29, 135
2026-08-07T11:51:44.817Z,sibyl_graph_build,0, Tesla V100-PCIE-32GB, 0, 0, 0, 32768, 25.64, 250.00, 29, 135
2026-08-07T11:51:45.859Z,sibyl_graph_build,0, Tesla V100-PCIE-32GB, 0, 0, 0, 32768, 25.65, 250.00, 29, 135
2026-08-07T11:51:46.901Z,sibyl_graph_build,0, Tesla V100-PCIE-32GB, 0, 0, 0, 32768, 25.63, 250.00, 29, 135
2026-08-07T11:51:47.946Z,sibyl_graph_build,0, Tesla V100-PCIE-32GB, 0, 0, 0, 32768, 25.65, 250.00, 29, 135
2026-08-07T11:51:48.987Z,sibyl_graph_build,0, Tesla V100-PCIE-32GB, 0, 0, 0, 32768, 25.64, 250.00, 29, 135
2026-08-07T11:51:50.032Z,sibyl_graph_build,0, Tesla V100-PCIE-32GB, 0, 0, 0, 32768, 25.64, 250.00, 29, 135
2026-08-07T11:51:51.072Z,sibyl_graph_build,0, Tesla V100-PCIE-32GB, 0, 0, 0, 32768, 25.64, 250.00, 29, 135
2026-08-07T11:51:52.118Z,sibyl_graph_build,0, Tesla V100-PCIE-32GB, 0, 0, 0, 32768, 25.64, 250.00, 29, 135
2026-08-07T11:51:53.157Z,sibyl_graph_build,0, Tesla V100-PCIE-32GB, 0, 0, 0, 32768, 25.64, 250.00, 29, 135
2026-08-07T11:51:54.200Z,sibyl_graph_build,0, Tesla V100-PCIE-32GB, 0, 0, 0, 32768, 25.65, 250.00, 29, 135
2026-08-07T11:51:55.247Z,sibyl_graph_build,0, Tesla V100-PCIE-32GB, 0, 0, 0, 32768, 25.63, 250.00, 29, 135
2026-08-07T11:51:56.287Z,sibyl_graph_build,0, Tesla V100-PCIE-32GB, 0, 0, 0, 32768, 25.65, 250.00, 29, 135
2026-08-07T11:51:57.332Z,sibyl_graph_build,0, Tesla V100-PCIE-32GB, 0, 0, 0, 32768, 25.65, 250.00, 29, 135
2026-08-07T11:51:58.372Z,sibyl_graph_build,0, Tesla V100-PCIE-32GB, 0, 0, 0, 32768, 25.64, 250.00, 29, 135
2026-08-07T11:51:59.419Z,sibyl_graph_build,0, Tesla V100-PCIE-32GB, 0, 0, 0, 32768, 25.65, 250.00, 29, 135
2026-08-07T11:52:00.458Z,sibyl_graph_build,0, Tesla V100-PCIE-32GB, 0, 0, 0, 32768, 25.63, 250.00, 29, 135
2026-08-07T11:52:01.498Z,sibyl_graph_build,0, Tesla V100-PCIE-32GB, 0, 0, 0, 32768, 25.55, 250.00, 29, 135
2026-08-07T11:52:02.542Z,sibyl_graph_build,0, Tesla V100-PCIE-32GB, 0, 0, 0, 32768, 25.64, 250.00, 29, 135
2026-08-07T11:52:03.585Z,sibyl_graph_build,0, Tesla V100-PCIE-32GB, 0, 0, 0, 32768, 25.64, 250.00, 29, 135
2026-08-07T11:52:04.629Z,sibyl_graph_build,0, Tesla V100-PCIE-32GB, 0, 0, 0, 32768, 25.64, 250.00, 29, 135
2026-08-07T11:52:05.670Z,sibyl_graph_build,0, Tesla V100-PCIE-32GB, 0, 0, 0, 32768, 25.64, 250.00, 29, 135
2026-08-07T11:52:06.716Z,sibyl_graph_build,0, Tesla V100-PCIE-32GB, 0, 0, 0, 32768, 25.64, 250.00, 29, 135
2026-08-07T11:52:07.755Z,sibyl_graph_build,0, Tesla V100-PCIE-32GB, 0, 0, 0, 32768, 25.55, 250.00, 29, 135
2026-08-07T11:52:08.797Z,sibyl_graph_build,0, Tesla V100-PCIE-32GB, 0, 0, 0, 32768, 25.64, 250.00, 29, 135
2026-08-07T11:52:09.841Z,sibyl_graph_build,0, Tesla V100-PCIE-32GB, 0, 0, 0, 32768, 25.64, 250.00, 29, 135
2026-08-07T11:52:10.881Z,sibyl_graph_build,0, Tesla V100-PCIE-32GB, 0, 0, 0, 32768, 25.64, 250.00, 29, 135
2026-08-07T11:52:11.927Z,sibyl_graph_build,0, Tesla V100-PCIE-32GB, 0, 0, 0, 32768, 25.64, 250.00, 29, 135
2026-08-07T11:52:12.966Z,sibyl_graph_build,0, Tesla V100-PCIE-32GB, 0, 0, 0, 32768, 25.55, 250.00, 29, 135
2026-08-07T11:52:14.015Z,sibyl_graph_build,0, Tesla V100-PCIE-32GB, 0, 0, 0, 32768, 25.63, 250.00, 29, 135
2026-08-07T11:52:15.054Z,sibyl_graph_build,0, Tesla V100-PCIE-32GB, 0, 0, 0, 32768, 25.64, 250.00, 29, 135
2026-08-07T11:52:16.093Z,sibyl_graph_build,0, Tesla V100-PCIE-32GB, 0, 0, 0, 32768, 25.64, 250.00, 29, 135
2026-08-07T11:52:17.139Z,sibyl_graph_build,0, Tesla V100-PCIE-32GB, 0, 0, 0, 32768, 25.64, 250.00, 29, 135
2026-08-07T11:52:18.182Z,sibyl_graph_build,0, Tesla V100-PCIE-32GB, 0, 0, 0, 32768, 25.64, 250.00, 29, 135
2026-08-07T11:52:19.237Z,sibyl_graph_build,0, Tesla V100-PCIE-32GB, 0, 0, 0, 32768, 25.63, 250.00, 29, 135
2026-08-07T11:52:20.277Z,sibyl_graph_build,0, Tesla V100-PCIE-32GB, 0, 0, 0, 32768, 25.64, 250.00, 29, 135
2026-08-07T11:52:21.318Z,sibyl_graph_build,0, Tesla V100-PCIE-32GB, 0, 0, 0, 32768, 25.64, 250.00, 29, 135
2026-08-07T11:52:22.360Z,sibyl_graph_build,0, Tesla V100-PCIE-32GB, 0, 0, 0, 32768, 25.64, 250.00, 29, 135
2026-08-07T11:52:23.401Z,sibyl_graph_build,0, Tesla V100-PCIE-32GB, 0, 0, 0, 32768, 25.65, 250.00, 29, 135
2026-08-07T11:52:24.443Z,sibyl_graph_build,0, Tesla V100-PCIE-32GB, 0, 0, 0, 32768, 25.63, 250.00, 29, 135
2026-08-07T11:52:25.484Z,sibyl_graph_build,0, Tesla V100-PCIE-32GB, 0, 0, 0, 32768, 25.64, 250.00, 29, 135
2026-08-07T11:52:26.532Z,sibyl_graph_build,0, Tesla V100-PCIE-32GB, 0, 0, 0, 32768, 25.64, 250.00, 29, 135
2026-08-07T11:52:27.572Z,sibyl_graph_build,0, Tesla V100-PCIE-32GB, 0, 0, 0, 32768, 25.63, 250.00, 29, 135
2026-08-07T11:52:28.618Z,sibyl_graph_build,0, Tesla V100-PCIE-32GB, 0, 0, 0, 32768, 25.64, 250.00, 29, 135
2026-08-07T11:52:29.656Z,sibyl_graph_build,0, Tesla V100-PCIE-32GB, 0, 0, 0, 32768, 25.63, 250.00, 29, 135
2026-08-07T11:52:30.695Z,sibyl_graph_build,0, Tesla V100-PCIE-32GB, 0, 0, 0, 32768, 25.63, 250.00, 29, 135
2026-08-07T11:52:31.744Z,sibyl_graph_build,0, Tesla V100-PCIE-32GB, 0, 0, 0, 32768, 25.64, 250.00, 29, 135
2026-08-07T11:52:32.785Z,sibyl_graph_build,0, Tesla V100-PCIE-32GB, 0, 0, 0, 32768, 25.63, 250.00, 29, 135
2026-08-07T11:52:33.831Z,sibyl_graph_build,0, Tesla V100-PCIE-32GB, 0, 0, 0, 32768, 25.63, 250.00, 29, 135
2026-08-07T11:52:34.876Z,sibyl_graph_build,0, Tesla V100-PCIE-32GB, 0, 0, 0, 32768, 25.63, 250.00, 29, 135
2026-08-07T11:52:35.915Z,sibyl_graph_build,0, Tesla V100-PCIE-32GB, 0, 0, 0, 32768, 25.64, 250.00, 29, 135
2026-08-07T11:52:36.955Z,sibyl_graph_build,0, Tesla V100-PCIE-32GB, 0, 0, 0, 32768, 25.64, 250.00, 29, 135
2026-08-07T11:52:37.993Z,sibyl_graph_build,0, Tesla V100-PCIE-32GB, 0, 0, 0, 32768, 25.64, 250.00, 29, 135
2026-08-07T11:52:39.039Z,sibyl_graph_build,0, Tesla V100-PCIE-32GB, 0, 0, 0, 32768, 25.64, 250.00, 29, 135
2026-08-07T11:52:40.077Z,sibyl_graph_build,0, Tesla V100-PCIE-32GB, 0, 0, 0, 32768, 25.63, 250.00, 29, 135
2026-08-07T11:52:41.126Z,sibyl_graph_build,0, Tesla V100-PCIE-32GB, 0, 0, 0, 32768, 25.64, 250.00, 29, 135
2026-08-07T11:52:42.164Z,sibyl_graph_build,0, Tesla V100-PCIE-32GB, 0, 0, 0, 32768, 25.64, 250.00, 29, 135
2026-08-07T11:52:43.213Z,sibyl_graph_build,0, Tesla V100-PCIE-32GB, 0, 0, 0, 32768, 25.64, 250.00, 29, 135
2026-08-07T11:52:44.253Z,sibyl_graph_build,0, Tesla V100-PCIE-32GB, 0, 0, 0, 32768, 25.65, 250.00, 29, 135
2026-08-07T11:52:45.292Z,sibyl_graph_build,0, Tesla V100-PCIE-32GB, 0, 0, 0, 32768, 25.63, 250.00, 29, 135
2026-08-07T11:52:46.338Z,sibyl_graph_build,0, Tesla V100-PCIE-32GB, 0, 0, 0, 32768, 25.64, 250.00, 29, 135
2026-08-07T11:52:47.378Z,sibyl_graph_build,0, Tesla V100-PCIE-32GB, 0, 0, 0, 32768, 25.65, 250.00, 29, 135
2026-08-07T11:52:48.418Z,sibyl_graph_build,0, Tesla V100-PCIE-32GB, 0, 0, 0, 32768, 25.64, 250.00, 29, 135
2026-08-07T11:52:49.463Z,sibyl_graph_build,0, Tesla V100-PCIE-32GB, 0, 0, 0, 32768, 25.64, 250.00, 29, 135
2026-08-07T11:52:50.513Z,sibyl_graph_build,0, Tesla V100-PCIE-32GB, 0, 0, 0, 32768, 25.64, 250.00, 29, 135
2026-08-07T11:52:51.554Z,sibyl_graph_build,0, Tesla V100-PCIE-32GB, 0, 0, 0, 32768, 25.64, 250.00, 29, 135
2026-08-07T11:52:52.595Z,sibyl_graph_build,0, Tesla V100-PCIE-32GB, 0, 0, 0, 32768, 25.64, 250.00, 29, 135
2026-08-07T11:52:53.638Z,sibyl_graph_build,0, Tesla V100-PCIE-32GB, 0, 0, 0, 32768, 25.63, 250.00, 29, 135
2026-08-07T11:52:54.677Z,sibyl_graph_build,0, Tesla V100-PCIE-32GB, 0, 0, 0, 32768, 25.65, 250.00, 29, 135
2026-08-07T11:52:55.717Z,sibyl_graph_build,0, Tesla V100-PCIE-32GB, 0, 0, 0, 32768, 25.64, 250.00, 29, 135
2026-08-07T11:52:56.759Z,sibyl_graph_build,0, Tesla V100-PCIE-32GB, 0, 0, 0, 32768, 25.64, 250.00, 29, 135
2026-08-07T11:52:57.811Z,sibyl_graph_build,0, Tesla V100-PCIE-32GB, 0, 0, 0, 32768, 25.64, 250.00, 29, 135
2026-08-07T11:52:58.849Z,sibyl_graph_build,0, Tesla V100-PCIE-32GB, 0, 0, 0, 32768, 25.63, 250.00, 29, 135
2026-08-07T11:52:59.887Z,sibyl_graph_build,0, Tesla V100-PCIE-32GB, 0, 0, 0, 32768, 25.64, 250.00, 29, 135
2026-08-07T11:53:00.929Z,sibyl_graph_build,0, Tesla V100-PCIE-32GB, 0, 0, 0, 32768, 25.64, 250.00, 29, 135
2026-08-07T11:53:01.968Z,sibyl_graph_build,0, Tesla V100-PCIE-32GB, 0, 0, 0, 32768, 25.65, 250.00, 29, 135
2026-08-07T11:53:03.017Z,sibyl_graph_build,0, Tesla V100-PCIE-32GB, 0, 0, 0, 32768, 25.64, 250.00, 29, 135
2026-08-07T11:53:04.055Z,sibyl_graph_build,0, Tesla V100-PCIE-32GB, 0, 0, 0, 32768, 25.63, 250.00, 29, 135
2026-08-07T11:53:05.095Z,sibyl_graph_build,0, Tesla V100-PCIE-32GB, 0, 0, 0, 32768, 25.65, 250.00, 29, 135
2026-08-07T11:53:06.139Z,sibyl_graph_build,0, Tesla V100-PCIE-32GB, 0, 0, 0, 32768, 25.64, 250.00, 29, 135
2026-08-07T11:53:07.182Z,sibyl_graph_build,0, Tesla V100-PCIE-32GB, 0, 0, 0, 32768, 25.53, 250.00, 29, 135
2026-08-07T11:53:08.221Z,sibyl_graph_build,0, Tesla V100-PCIE-32GB, 0, 0, 0, 32768, 25.64, 250.00, 29, 135
2026-08-07T11:53:09.265Z,sibyl_graph_build,0, Tesla V100-PCIE-32GB, 0, 0, 0, 32768, 25.64, 250.00, 29, 135
2026-08-07T11:53:10.313Z,sibyl_graph_build,0, Tesla V100-PCIE-32GB, 0, 0, 0, 32768, 25.64, 250.00, 29, 135
2026-08-07T11:53:11.351Z,sibyl_graph_build,0, Tesla V100-PCIE-32GB, 0, 0, 0, 32768, 25.64, 250.00, 29, 135
2026-08-07T11:53:12.391Z,sibyl_graph_build,0, Tesla V100-PCIE-32GB, 0, 0, 0, 32768, 25.63, 250.00, 29, 135
2026-08-07T11:53:13.434Z,sibyl_graph_build,0, Tesla V100-PCIE-32GB, 0, 0, 0, 32768, 25.64, 250.00, 29, 135
2026-08-07T11:53:14.473Z,sibyl_graph_build,0, Tesla V100-PCIE-32GB, 0, 0, 0, 32768, 25.64, 250.00, 29, 135
2026-08-07T11:53:15.519Z,sibyl_graph_build,0, Tesla V100-PCIE-32GB, 0, 0, 0, 32768, 25.64, 250.00, 29, 135
2026-08-07T11:53:16.560Z,sibyl_graph_build,0, Tesla V100-PCIE-32GB, 0, 0, 0, 32768, 25.64, 250.00, 29, 135
2026-08-07T11:53:17.609Z,sibyl_graph_build,0, Tesla V100-PCIE-32GB, 0, 0, 0, 32768, 25.63, 250.00, 29, 135
2026-08-07T11:53:18.647Z,sibyl_graph_build,0, Tesla V100-PCIE-32GB, 0, 0, 0, 32768, 25.64, 250.00, 29, 135
2026-08-07T11:53:19.687Z,sibyl_graph_build,0, Tesla V100-PCIE-32GB, 0, 0, 0, 32768, 25.65, 250.00, 29, 135
2026-08-07T11:53:20.736Z,sibyl_graph_build,0, Tesla V100-PCIE-32GB, 0, 0, 0, 32768, 25.64, 250.00, 29, 135
2026-08-07T11:53:21.774Z,sibyl_graph_build,0, Tesla V100-PCIE-32GB, 0, 0, 0, 32768, 25.64, 250.00, 29, 135
2026-08-07T11:53:22.816Z,sibyl_graph_build,0, Tesla V100-PCIE-32GB, 0, 0, 0, 32768, 25.63, 250.00, 29, 135
2026-08-07T11:53:23.856Z,sibyl_graph_build,0, Tesla V100-PCIE-32GB, 0, 0, 0, 32768, 25.64, 250.00, 29, 135
2026-08-07T11:53:24.899Z,sibyl_graph_build,0, Tesla V100-PCIE-32GB, 0, 0, 0, 32768, 25.64, 250.00, 29, 135
2026-08-07T11:53:25.946Z,sibyl_graph_build,0, Tesla V100-PCIE-32GB, 0, 0, 0, 32768, 25.53, 250.00, 29, 135
2026-08-07T11:53:26.982Z,sibyl_graph_build,0, Tesla V100-PCIE-32GB, 0, 0, 0, 32768, 25.64, 250.00, 29, 135
2026-08-07T11:53:28.028Z,sibyl_graph_build,0, Tesla V100-PCIE-32GB, 0, 0, 0, 32768, 25.65, 250.00, 29, 135
2026-08-07T11:53:29.064Z,sibyl_graph_build,0, Tesla V100-PCIE-32GB, 0, 0, 0, 32768, 25.65, 250.00, 29, 135
2026-08-07T11:53:30.112Z,sibyl_graph_build,0, Tesla V100-PCIE-32GB, 0, 0, 0, 32768, 25.64, 250.00, 29, 135
2026-08-07T11:53:31.150Z,sibyl_graph_build,0, Tesla V100-PCIE-32GB, 0, 0, 0, 32768, 25.63, 250.00, 29, 135
2026-08-07T11:53:32.188Z,sibyl_graph_build,0, Tesla V100-PCIE-32GB, 0, 0, 0, 32768, 25.64, 250.00, 29, 135
2026-08-07T11:53:33.229Z,sibyl_graph_build,0, Tesla V100-PCIE-32GB, 0, 0, 0, 32768, 25.64, 250.00, 29, 135
2026-08-07T11:53:34.267Z,sibyl_graph_build,0, Tesla V100-PCIE-32GB, 0, 0, 0, 32768, 25.64, 250.00, 29, 135
2026-08-07T11:53:35.317Z,sibyl_graph_build,0, Tesla V100-PCIE-32GB, 0, 0, 0, 32768, 25.64, 250.00, 29, 135
2026-08-07T11:53:36.357Z,sibyl_graph_build,0, Tesla V100-PCIE-32GB, 0, 0, 0, 32768, 25.63, 250.00, 29, 135
2026-08-07T11:53:37.398Z,sibyl_graph_build,0, Tesla V100-PCIE-32GB, 0, 0, 0, 32768, 25.64, 250.00, 29, 135
2026-08-07T11:53:38.443Z,sibyl_graph_build,0, Tesla V100-PCIE-32GB, 0, 0, 0, 32768, 25.64, 250.00, 29, 135
2026-08-07T11:53:39.482Z,sibyl_graph_build,0, Tesla V100-PCIE-32GB, 0, 0, 0, 32768, 25.64, 250.00, 29, 135
2026-08-07T11:53:40.528Z,sibyl_graph_build,0, Tesla V100-PCIE-32GB, 0, 0, 0, 32768, 25.64, 250.00, 29, 135
2026-08-07T11:53:41.568Z,sibyl_graph_build,0, Tesla V100-PCIE-32GB, 0, 0, 0, 32768, 25.63, 250.00, 29, 135
2026-08-07T11:53:42.615Z,sibyl_graph_build,0, Tesla V100-PCIE-32GB, 0, 0, 0, 32768, 25.64, 250.00, 29, 135
2026-08-07T11:53:43.652Z,sibyl_graph_build,0, Tesla V100-PCIE-32GB, 0, 0, 0, 32768, 25.64, 250.00, 29, 135
2026-08-07T11:53:44.694Z,sibyl_graph_build,0, Tesla V100-PCIE-32GB, 0, 0, 0, 32768, 25.64, 250.00, 29, 135
2026-08-07T11:53:45.735Z,sibyl_graph_build,0, Tesla V100-PCIE-32GB, 0, 0, 0, 32768, 25.64, 250.00, 29, 135
2026-08-07T11:53:46.776Z,sibyl_graph_build,0, Tesla V100-PCIE-32GB, 0, 0, 0, 32768, 25.64, 250.00, 29, 135
2026-08-07T11:53:47.819Z,sibyl_graph_build,0, Tesla V100-PCIE-32GB, 0, 0, 0, 32768, 25.55, 250.00, 29, 135
2026-08-07T11:53:48.863Z,sibyl_graph_build,0, Tesla V100-PCIE-32GB, 0, 0, 0, 32768, 25.64, 250.00, 29, 135
2026-08-07T11:53:49.911Z,sibyl_graph_build,0, Tesla V100-PCIE-32GB, 0, 0, 0, 32768, 25.64, 250.00, 29, 135
2026-08-07T11:53:50.952Z,sibyl_graph_build,0, Tesla V100-PCIE-32GB, 0, 0, 0, 32768, 25.65, 250.00, 29, 135
2026-08-07T11:53:51.993Z,sibyl_graph_build,0, Tesla V100-PCIE-32GB, 0, 0, 0, 32768, 25.65, 250.00, 29, 135
2026-08-07T11:53:53.040Z,sibyl_graph_build,0, Tesla V100-PCIE-32GB, 0, 0, 0, 32768, 25.64, 250.00, 29, 135
2026-08-07T11:53:54.076Z,sibyl_graph_build,0, Tesla V100-PCIE-32GB, 0, 0, 0, 32768, 25.64, 250.00, 29, 135
2026-08-07T11:53:55.117Z,sibyl_graph_build,0, Tesla V100-PCIE-32GB, 0, 0, 0, 32768, 25.63, 250.00, 29, 135
2026-08-07T11:53:56.155Z,sibyl_graph_build,0, Tesla V100-PCIE-32GB, 0, 0, 0, 32768, 25.65, 250.00, 29, 135
2026-08-07T11:53:57.197Z,sibyl_graph_build,0, Tesla V100-PCIE-32GB, 0, 0, 0, 32768, 25.65, 250.00, 29, 135
2026-08-07T11:53:58.241Z,sibyl_graph_build,0, Tesla V100-PCIE-32GB, 0, 0, 0, 32768, 25.65, 250.00, 29, 135
2026-08-07T11:53:59.281Z,sibyl_graph_build,0, Tesla V100-PCIE-32GB, 0, 0, 0, 32768, 25.65, 250.00, 29, 135
2026-08-07T11:54:00.323Z,sibyl_graph_build,0, Tesla V100-PCIE-32GB, 0, 0, 0, 32768, 25.64, 250.00, 29, 135
2026-08-07T11:54:01.365Z,sibyl_graph_build,0, Tesla V100-PCIE-32GB, 0, 0, 0, 32768, 25.64, 250.00, 29, 135
2026-08-07T11:54:02.418Z,sibyl_graph_build,0, Tesla V100-PCIE-32GB, 0, 0, 0, 32768, 25.64, 250.00, 29, 135
2026-08-07T11:54:03.455Z,sibyl_graph_build,0, Tesla V100-PCIE-32GB, 0, 0, 0, 32768, 25.63, 250.00, 29, 135
2026-08-07T11:54:04.493Z,sibyl_graph_build,0, Tesla V100-PCIE-32GB, 0, 0, 0, 32768, 25.64, 250.00, 29, 135
2026-08-07T11:54:05.539Z,sibyl_graph_build,0, Tesla V100-PCIE-32GB, 0, 0, 0, 32768, 25.65, 250.00, 29, 135
2026-08-07T11:54:06.576Z,sibyl_graph_build,0, Tesla V100-PCIE-32GB, 0, 0, 0, 32768, 25.65, 250.00, 29, 135
2026-08-07T11:54:07.619Z,sibyl_graph_build,0, Tesla V100-PCIE-32GB, 0, 0, 0, 32768, 25.65, 250.00, 29, 135
2026-08-07T11:54:08.662Z,sibyl_graph_build,0, Tesla V100-PCIE-32GB, 0, 0, 0, 32768, 25.61, 250.00, 29, 135
2026-08-07T11:54:09.712Z,sibyl_graph_build,0, Tesla V100-PCIE-32GB, 0, 0, 0, 32768, 25.63, 250.00, 29, 135
2026-08-07T11:54:10.750Z,sibyl_graph_build,0, Tesla V100-PCIE-32GB, 0, 0, 0, 32768, 25.63, 250.00, 29, 135
2026-08-07T11:54:11.788Z,sibyl_graph_build,0, Tesla V100-PCIE-32GB, 0, 0, 0, 32768, 25.64, 250.00, 29, 135
2026-08-07T11:54:12.832Z,sibyl_graph_build,0, Tesla V100-PCIE-32GB, 0, 0, 0, 32768, 25.63, 250.00, 29, 135
2026-08-07T11:54:13.875Z,sibyl_graph_build,0, Tesla V100-PCIE-32GB, 0, 0, 0, 32768, 25.63, 250.00, 29, 135
2026-08-07T11:54:14.917Z,sibyl_graph_build,0, Tesla V100-PCIE-32GB, 0, 0, 0, 32768, 25.63, 250.00, 29, 135
2026-08-07T11:54:15.961Z,sibyl_graph_build,0, Tesla V100-PCIE-32GB, 0, 0, 0, 32768, 25.63, 250.00, 29, 135
2026-08-07T11:54:17.009Z,sibyl_graph_build,0, Tesla V100-PCIE-32GB, 0, 0, 0, 32768, 25.62, 250.00, 29, 135
2026-08-07T11:54:18.049Z,sibyl_graph_build,0, Tesla V100-PCIE-32GB, 0, 0, 0, 32768, 25.63, 250.00, 29, 135
2026-08-07T11:54:19.087Z,sibyl_graph_build,0, Tesla V100-PCIE-32GB, 0, 0, 0, 32768, 25.64, 250.00, 29, 135
2026-08-07T11:54:20.128Z,sibyl_graph_build,0, Tesla V100-PCIE-32GB, 0, 0, 0, 32768, 25.64, 250.00, 29, 135
2026-08-07T11:54:21.170Z,sibyl_graph_build,0, Tesla V100-PCIE-32GB, 0, 0, 0, 32768, 25.63, 250.00, 29, 135
2026-08-07T11:54:22.218Z,sibyl_graph_build,0, Tesla V100-PCIE-32GB, 0, 0, 0, 32768, 25.61, 250.00, 29, 135
2026-08-07T11:54:23.256Z,sibyl_graph_build,0, Tesla V100-PCIE-32GB, 0, 0, 0, 32768, 25.63, 250.00, 29, 135
2026-08-07T11:54:24.295Z,sibyl_graph_build,0, Tesla V100-PCIE-32GB, 0, 0, 0, 32768, 25.64, 250.00, 29, 135
2026-08-07T11:54:25.337Z,sibyl_graph_build,0, Tesla V100-PCIE-32GB, 0, 0, 0, 32768, 25.64, 250.00, 29, 135
2026-08-07T11:54:26.383Z,sibyl_graph_build,0, Tesla V100-PCIE-32GB, 0, 0, 0, 32768, 25.64, 250.00, 29, 135
2026-08-07T11:54:27.426Z,sibyl_graph_build,0, Tesla V100-PCIE-32GB, 0, 0, 0, 32768, 25.61, 250.00, 29, 135
2026-08-07T11:54:28.465Z,sibyl_graph_build,0, Tesla V100-PCIE-32GB, 0, 0, 0, 32768, 25.64, 250.00, 29, 135
2026-08-07T11:54:29.511Z,sibyl_graph_build,0, Tesla V100-PCIE-32GB, 0, 0, 0, 32768, 25.64, 250.00, 29, 135
2026-08-07T11:54:30.551Z,sibyl_graph_build,0, Tesla V100-PCIE-32GB, 0, 0, 0, 32768, 25.64, 250.00, 29, 135
2026-08-07T11:54:31.588Z,sibyl_graph_build,0, Tesla V100-PCIE-32GB, 0, 0, 0, 32768, 25.64, 250.00, 29, 135
2026-08-07T11:54:32.629Z,sibyl_graph_build,0, Tesla V100-PCIE-32GB, 0, 0, 0, 32768, 25.63, 250.00, 29, 135
2026-08-07T11:54:33.665Z,sibyl_graph_build,0, Tesla V100-PCIE-32GB, 0, 0, 0, 32768, 25.64, 250.00, 29, 135
2026-08-07T11:54:34.702Z,sibyl_graph_build,0, Tesla V100-PCIE-32GB, 0, 0, 0, 32768, 25.64, 250.00, 29, 135
2026-08-07T11:54:35.744Z,sibyl_graph_build,0, Tesla V100-PCIE-32GB, 0, 0, 0, 32768, 25.62, 250.00, 29, 135
2026-08-07T11:54:36.780Z,sibyl_graph_build,0, Tesla V100-PCIE-32GB, 0, 0, 0, 32768, 25.54, 250.00, 29, 135
2026-08-07T11:54:37.825Z,sibyl_graph_build,0, Tesla V100-PCIE-32GB, 0, 0, 0, 32768, 25.63, 250.00, 29, 135
2026-08-07T11:54:38.870Z,sibyl_graph_build,0, Tesla V100-PCIE-32GB, 0, 0, 0, 32768, 25.64, 250.00, 29, 135
2026-08-07T11:54:39.912Z,sibyl_graph_build,0, Tesla V100-PCIE-32GB, 0, 0, 0, 32768, 25.54, 250.00, 29, 135
2026-08-07T11:54:40.948Z,sibyl_graph_build,0, Tesla V100-PCIE-32GB, 0, 0, 0, 32768, 25.61, 250.00, 29, 135
2026-08-07T11:54:41.985Z,sibyl_graph_build,0, Tesla V100-PCIE-32GB, 0, 0, 0, 32768, 25.64, 250.00, 29, 135
2026-08-07T11:54:43.026Z,sibyl_graph_build,0, Tesla V100-PCIE-32GB, 0, 0, 0, 32768, 25.54, 250.00, 29, 135
2026-08-07T11:54:44.067Z,sibyl_graph_build,0, Tesla V100-PCIE-32GB, 0, 0, 0, 32768, 25.64, 250.00, 29, 135
2026-08-07T11:54:45.117Z,sibyl_graph_build,0, Tesla V100-PCIE-32GB, 0, 0, 0, 32768, 25.54, 250.00, 29, 135
2026-08-07T11:54:46.155Z,sibyl_graph_build,0, Tesla V100-PCIE-32GB, 0, 0, 0, 32768, 25.64, 250.00, 29, 135
2026-08-07T11:54:47.208Z,sibyl_graph_build,0, Tesla V100-PCIE-32GB, 0, 0, 0, 32768, 25.64, 250.00, 29, 135
2026-08-07T11:54:48.248Z,sibyl_graph_build,0, Tesla V100-PCIE-32GB, 0, 0, 0, 32768, 25.64, 250.00, 29, 135
2026-08-07T11:54:49.284Z,sibyl_graph_build,0, Tesla V100-PCIE-32GB, 0, 0, 0, 32768, 25.63, 250.00, 29, 135
2026-08-07T11:54:50.329Z,sibyl_graph_build,0, Tesla V100-PCIE-32GB, 0, 0, 0, 32768, 25.64, 250.00, 29, 135
2026-08-07T11:54:51.369Z,sibyl_graph_build,0, Tesla V100-PCIE-32GB, 0, 0, 0, 32768, 25.54, 250.00, 29, 135
2026-08-07T11:54:52.419Z,sibyl_graph_build,0, Tesla V100-PCIE-32GB, 0, 0, 0, 32768, 25.54, 250.00, 29, 135
2026-08-07T11:54:53.457Z,sibyl_graph_build,0, Tesla V100-PCIE-32GB, 0, 0, 0, 32768, 25.54, 250.00, 29, 135
2026-08-07T11:54:54.495Z,sibyl_graph_build,0, Tesla V100-PCIE-32GB, 0, 0, 0, 32768, 25.61, 250.00, 29, 135
2026-08-07T11:54:55.537Z,sibyl_graph_build,0, Tesla V100-PCIE-32GB, 0, 0, 0, 32768, 25.64, 250.00, 29, 135
2026-08-07T11:54:56.581Z,sibyl_graph_build,0, Tesla V100-PCIE-32GB, 0, 0, 0, 32768, 25.53, 250.00, 29, 135
2026-08-07T11:54:57.622Z,sibyl_graph_build,0, Tesla V100-PCIE-32GB, 0, 0, 0, 32768, 25.54, 250.00, 29, 135
2026-08-07T11:54:58.665Z,sibyl_graph_build,0, Tesla V100-PCIE-32GB, 0, 0, 0, 32768, 25.63, 250.00, 29, 135
2026-08-07T11:54:59.713Z,sibyl_graph_build,0, Tesla V100-PCIE-32GB, 0, 0, 0, 32768, 25.53, 250.00, 29, 135
2026-08-07T11:55:00.750Z,sibyl_graph_build,0, Tesla V100-PCIE-32GB, 0, 0, 0, 32768, 25.54, 250.00, 29, 135
2026-08-07T11:55:01.793Z,sibyl_graph_build,0, Tesla V100-PCIE-32GB, 0, 0, 0, 32768, 25.64, 250.00, 29, 135
2026-08-07T11:55:02.840Z,sibyl_graph_build,0, Tesla V100-PCIE-32GB, 0, 0, 0, 32768, 25.63, 250.00, 29, 135
2026-08-07T11:55:03.896Z,sibyl_graph_build,0, Tesla V100-PCIE-32GB, 0, 0, 0, 32768, 25.54, 250.00, 29, 135
2026-08-07T11:55:04.942Z,sibyl_graph_build,0, Tesla V100-PCIE-32GB, 0, 0, 0, 32768, 25.54, 250.00, 29, 135
2026-08-07T11:55:05.981Z,sibyl_graph_build,0, Tesla V100-PCIE-32GB, 0, 0, 0, 32768, 25.64, 250.00, 29, 135
2026-08-07T11:55:07.026Z,sibyl_graph_build,0, Tesla V100-PCIE-32GB, 0, 0, 0, 32768, 25.53, 250.00, 29, 135
2026-08-07T11:55:08.067Z,sibyl_graph_build,0, Tesla V100-PCIE-32GB, 0, 0, 0, 32768, 25.62, 250.00, 29, 135
2026-08-07T11:55:09.111Z,sibyl_graph_build,0, Tesla V100-PCIE-32GB, 0, 0, 0, 32768, 25.63, 250.00, 29, 135
2026-08-07T11:55:10.150Z,sibyl_graph_build,0, Tesla V100-PCIE-32GB, 0, 0, 0, 32768, 25.64, 250.00, 29, 135
2026-08-07T11:55:11.193Z,sibyl_graph_build,0, Tesla V100-PCIE-32GB, 0, 0, 0, 32768, 25.64, 250.00, 29, 135
2026-08-07T11:55:12.241Z,sibyl_graph_build,0, Tesla V100-PCIE-32GB, 0, 0, 0, 32768, 25.64, 250.00, 29, 135
2026-08-07T11:55:13.279Z,sibyl_graph_build,0, Tesla V100-PCIE-32GB, 0, 0, 0, 32768, 25.54, 250.00, 29, 135
2026-08-07T11:55:14.325Z,sibyl_graph_build,0, Tesla V100-PCIE-32GB, 0, 0, 0, 32768, 25.63, 250.00, 29, 135
2026-08-07T11:55:15.362Z,sibyl_graph_build,0, Tesla V100-PCIE-32GB, 0, 0, 0, 32768, 25.64, 250.00, 29, 135
2026-08-07T11:55:16.409Z,sibyl_graph_build,0, Tesla V100-PCIE-32GB, 0, 0, 0, 32768, 25.63, 250.00, 29, 135
2026-08-07T11:55:17.447Z,sibyl_graph_build,0, Tesla V100-PCIE-32GB, 0, 0, 0, 32768, 25.64, 250.00, 29, 135
2026-08-07T11:55:18.487Z,sibyl_graph_build,0, Tesla V100-PCIE-32GB, 0, 0, 0, 32768, 25.64, 250.00, 29, 135
2026-08-07T11:55:19.530Z,sibyl_graph_build,0, Tesla V100-PCIE-32GB, 0, 0, 0, 32768, 25.64, 250.00, 29, 135
2026-08-07T11:55:20.569Z,sibyl_graph_build,0, Tesla V100-PCIE-32GB, 0, 0, 0, 32768, 25.64, 250.00, 29, 135
2026-08-07T11:55:21.618Z,sibyl_graph_build,0, Tesla V100-PCIE-32GB, 0, 0, 0, 32768, 25.52, 250.00, 29, 135
2026-08-07T11:55:22.657Z,sibyl_graph_build,0, Tesla V100-PCIE-32GB, 0, 0, 0, 32768, 25.64, 250.00, 29, 135
2026-08-07T11:55:23.699Z,sibyl_graph_build,0, Tesla V100-PCIE-32GB, 0, 0, 0, 32768, 25.64, 250.00, 29, 135
2026-08-07T11:55:24.744Z,sibyl_graph_build,0, Tesla V100-PCIE-32GB, 0, 0, 0, 32768, 25.64, 250.00, 29, 135
2026-08-07T11:55:25.783Z,sibyl_graph_build,0, Tesla V100-PCIE-32GB, 0, 0, 0, 32768, 25.64, 250.00, 29, 135
2026-08-07T11:55:26.830Z,sibyl_graph_build,0, Tesla V100-PCIE-32GB, 0, 0, 0, 32768, 25.62, 250.00, 29, 135
2026-08-07T11:55:27.872Z,sibyl_graph_build,0, Tesla V100-PCIE-32GB, 0, 0, 0, 32768, 25.64, 250.00, 29, 135
2026-08-07T11:55:28.918Z,sibyl_graph_build,0, Tesla V100-PCIE-32GB, 0, 0, 0, 32768, 25.64, 250.00, 29, 135
2026-08-07T11:55:29.958Z,sibyl_graph_build,0, Tesla V100-PCIE-32GB, 0, 0, 0, 32768, 25.53, 250.00, 29, 135
2026-08-07T11:55:30.996Z,sibyl_graph_build,0, Tesla V100-PCIE-32GB, 0, 0, 0, 32768, 25.54, 250.00, 29, 135
2026-08-07T11:55:32.042Z,sibyl_graph_build,0, Tesla V100-PCIE-32GB, 0, 0, 0, 32768, 25.64, 250.00, 29, 135
2026-08-07T11:55:33.081Z,sibyl_graph_build,0, Tesla V100-PCIE-32GB, 0, 0, 0, 32768, 25.54, 250.00, 29, 135
2026-08-07T11:55:34.128Z,sibyl_graph_build,0, Tesla V100-PCIE-32GB, 0, 0, 0, 32768, 25.54, 250.00, 29, 135
2026-08-07T11:55:35.167Z,sibyl_graph_build,0, Tesla V100-PCIE-32GB, 0, 0, 0, 32768, 25.53, 250.00, 29, 135
2026-08-07T11:55:36.220Z,sibyl_graph_build,0, Tesla V100-PCIE-32GB, 0, 0, 0, 32768, 25.64, 250.00, 29, 135
2026-08-07T11:55:37.267Z,sibyl_graph_build,0, Tesla V100-PCIE-32GB, 0, 0, 0, 32768, 25.64, 250.00, 29, 135
2026-08-07T11:55:38.318Z,sibyl_graph_build,0, Tesla V100-PCIE-32GB, 0, 0, 0, 32768, 25.55, 250.00, 29, 135
2026-08-07T11:55:39.357Z,sibyl_graph_build,0, Tesla V100-PCIE-32GB, 0, 0, 0, 32768, 25.64, 250.00, 29, 135
2026-08-07T11:55:40.407Z,sibyl_graph_build,0, Tesla V100-PCIE-32GB, 0, 0, 0, 32768, 25.63, 250.00, 29, 135
2026-08-07T11:55:41.449Z,sibyl_graph_build,0, Tesla V100-PCIE-32GB, 0, 0, 0, 32768, 25.55, 250.00, 29, 135
2026-08-07T11:55:42.493Z,sibyl_graph_build,0, Tesla V100-PCIE-32GB, 0, 0, 0, 32768, 25.64, 250.00, 29, 135
2026-08-07T11:55:43.541Z,sibyl_graph_build,0, Tesla V100-PCIE-32GB, 0, 0, 0, 32768, 25.64, 250.00, 29, 135
2026-08-07T11:55:44.580Z,sibyl_graph_build,0, Tesla V100-PCIE-32GB, 0, 0, 0, 32768, 25.44, 250.00, 29, 135
2026-08-07T11:55:45.627Z,sibyl_graph_build,0, Tesla V100-PCIE-32GB, 0, 0, 0, 32768, 25.63, 250.00, 29, 135
2026-08-07T11:55:46.671Z,sibyl_graph_build,0, Tesla V100-PCIE-32GB, 0, 0, 0, 32768, 25.55, 250.00, 29, 135
2026-08-07T11:55:47.720Z,sibyl_graph_build,0, Tesla V100-PCIE-32GB, 0, 0, 0, 32768, 25.64, 250.00, 29, 135
2026-08-07T11:55:48.763Z,sibyl_graph_build,0, Tesla V100-PCIE-32GB, 0, 0, 0, 32768, 25.64, 250.00, 29, 135
2026-08-07T11:55:49.809Z,sibyl_graph_build,0, Tesla V100-PCIE-32GB, 0, 0, 0, 32768, 25.55, 250.00, 29, 135
2026-08-07T11:55:50.848Z,sibyl_graph_build,0, Tesla V100-PCIE-32GB, 0, 0, 0, 32768, 25.64, 250.00, 29, 135
2026-08-07T11:55:51.899Z,sibyl_graph_build,0, Tesla V100-PCIE-32GB, 0, 0, 0, 32768, 25.55, 250.00, 29, 135
2026-08-07T11:55:52.939Z,sibyl_graph_build,0, Tesla V100-PCIE-32GB, 0, 0, 0, 32768, 25.64, 250.00, 29, 135
2026-08-07T11:55:53.977Z,sibyl_graph_build,0, Tesla V100-PCIE-32GB, 0, 0, 0, 32768, 25.42, 250.00, 29, 135
2026-08-07T11:55:55.021Z,sibyl_graph_build,0, Tesla V100-PCIE-32GB, 0, 0, 0, 32768, 25.64, 250.00, 29, 135
2026-08-07T11:55:56.066Z,sibyl_graph_build,0, Tesla V100-PCIE-32GB, 0, 0, 0, 32768, 25.64, 250.00, 29, 135
2026-08-07T11:55:57.113Z,sibyl_graph_build,0, Tesla V100-PCIE-32GB, 0, 0, 0, 32768, 25.64, 250.00, 29, 135
2026-08-07T11:55:58.154Z,sibyl_graph_build,0, Tesla V100-PCIE-32GB, 0, 0, 0, 32768, 25.55, 250.00, 29, 135
2026-08-07T11:55:59.194Z,sibyl_graph_build,0, Tesla V100-PCIE-32GB, 0, 0, 0, 32768, 25.53, 250.00, 29, 135
2026-08-07T11:56:00.242Z,sibyl_graph_build,0, Tesla V100-PCIE-32GB, 0, 0, 0, 32768, 25.64, 250.00, 29, 135
2026-08-07T11:56:01.281Z,sibyl_graph_build,0, Tesla V100-PCIE-32GB, 0, 0, 0, 32768, 25.55, 250.00, 29, 135
2026-08-07T11:56:02.333Z,sibyl_graph_build,0, Tesla V100-PCIE-32GB, 0, 0, 0, 32768, 25.55, 250.00, 29, 135
2026-08-07T11:56:03.379Z,sibyl_graph_build,0, Tesla V100-PCIE-32GB, 0, 0, 0, 32768, 25.64, 250.00, 29, 135
2026-08-07T11:56:04.425Z,sibyl_graph_build,0, Tesla V100-PCIE-32GB, 0, 0, 0, 32768, 25.53, 250.00, 29, 135
2026-08-07T11:56:05.468Z,sibyl_graph_build,0, Tesla V100-PCIE-32GB, 0, 0, 0, 32768, 25.55, 250.00, 29, 135
2026-08-07T11:56:06.519Z,sibyl_graph_build,0, Tesla V100-PCIE-32GB, 0, 0, 0, 32768, 25.55, 250.00, 29, 135
2026-08-07T11:56:07.563Z,sibyl_graph_build,0, Tesla V100-PCIE-32GB, 0, 0, 0, 32768, 25.55, 250.00, 29, 135
2026-08-07T11:56:08.614Z,sibyl_graph_build,0, Tesla V100-PCIE-32GB, 0, 0, 0, 32768, 25.64, 250.00, 29, 135
2026-08-07T11:56:09.655Z,sibyl_graph_build,0, Tesla V100-PCIE-32GB, 0, 0, 0, 32768, 25.53, 250.00, 29, 135
2026-08-07T11:56:10.695Z,sibyl_graph_build,0, Tesla V100-PCIE-32GB, 0, 0, 0, 32768, 25.64, 250.00, 29, 135
2026-08-07T11:56:11.744Z,sibyl_graph_build,0, Tesla V100-PCIE-32GB, 0, 0, 0, 32768, 25.64, 250.00, 29, 135
2026-08-07T11:56:12.782Z,sibyl_graph_build,0, Tesla V100-PCIE-32GB, 0, 0, 0, 32768, 25.55, 250.00, 29, 135
2026-08-07T11:56:13.837Z,sibyl_graph_build,0, Tesla V100-PCIE-32GB, 0, 0, 0, 32768, 25.64, 250.00, 29, 135
2026-08-07T11:56:14.877Z,sibyl_graph_build,0, Tesla V100-PCIE-32GB, 0, 0, 0, 32768, 25.64, 250.00, 29, 135
2026-08-07T11:56:15.921Z,sibyl_graph_build,0, Tesla V100-PCIE-32GB, 0, 0, 0, 32768, 25.55, 250.00, 29, 135
2026-08-07T11:56:16.961Z,sibyl_graph_build,0, Tesla V100-PCIE-32GB, 0, 0, 0, 32768, 25.64, 250.00, 29, 135
2026-08-07T11:56:18.012Z,sibyl_graph_build,0, Tesla V100-PCIE-32GB, 0, 0, 0, 32768, 25.63, 250.00, 29, 135
2026-08-07T11:56:19.056Z,sibyl_graph_build,0, Tesla V100-PCIE-32GB, 0, 0, 0, 32768, 25.64, 250.00, 29, 135
2026-08-07T11:56:20.097Z,sibyl_graph_build,0, Tesla V100-PCIE-32GB, 0, 0, 0, 32768, 25.64, 250.00, 29, 135
2026-08-07T11:56:21.152Z,sibyl_graph_build,0, Tesla V100-PCIE-32GB, 0, 0, 0, 32768, 25.64, 250.00, 29, 135
2026-08-07T11:56:22.192Z,sibyl_graph_build,0, Tesla V100-PCIE-32GB, 0, 0, 0, 32768, 25.55, 250.00, 29, 135
2026-08-07T11:56:23.245Z,sibyl_graph_build,0, Tesla V100-PCIE-32GB, 0, 0, 0, 32768, 25.53, 250.00, 29, 135
2026-08-07T11:56:24.289Z,sibyl_graph_build,0, Tesla V100-PCIE-32GB, 0, 0, 0, 32768, 25.55, 250.00, 29, 135
2026-08-07T11:56:25.333Z,sibyl_graph_build,0, Tesla V100-PCIE-32GB, 0, 0, 0, 32768, 25.64, 250.00, 29, 135
2026-08-07T11:56:26.370Z,sibyl_graph_build,0, Tesla V100-PCIE-32GB, 0, 0, 0, 32768, 25.55, 250.00, 29, 135
2026-08-07T11:56:27.418Z,sibyl_graph_build,0, Tesla V100-PCIE-32GB, 0, 0, 0, 32768, 25.45, 250.00, 29, 135
2026-08-07T11:56:28.456Z,sibyl_graph_build,0, Tesla V100-PCIE-32GB, 0, 0, 0, 32768, 25.63, 250.00, 29, 135
2026-08-07T11:56:29.496Z,sibyl_graph_build,0, Tesla V100-PCIE-32GB, 0, 0, 0, 32768, 25.64, 250.00, 29, 135
2026-08-07T11:56:30.539Z,sibyl_graph_build,0, Tesla V100-PCIE-32GB, 0, 0, 0, 32768, 25.55, 250.00, 29, 135
2026-08-07T11:56:31.580Z,sibyl_graph_build,0, Tesla V100-PCIE-32GB, 0, 0, 0, 32768, 25.64, 250.00, 29, 135
2026-08-07T11:56:32.622Z,sibyl_graph_build,0, Tesla V100-PCIE-32GB, 0, 0, 0, 32768, 25.55, 250.00, 29, 135
2026-08-07T11:56:33.664Z,sibyl_graph_build,0, Tesla V100-PCIE-32GB, 0, 0, 0, 32768, 25.55, 250.00, 29, 135
2026-08-07T11:56:34.714Z,sibyl_graph_build,0, Tesla V100-PCIE-32GB, 0, 0, 0, 32768, 25.55, 250.00, 29, 135
2026-08-07T11:56:35.754Z,sibyl_graph_build,0, Tesla V100-PCIE-32GB, 0, 0, 0, 32768, 25.55, 250.00, 29, 135
2026-08-07T11:56:36.794Z,sibyl_graph_build,0, Tesla V100-PCIE-32GB, 0, 0, 0, 32768, 25.53, 250.00, 29, 135
2026-08-07T11:56:37.842Z,sibyl_graph_build,0, Tesla V100-PCIE-32GB, 0, 0, 0, 32768, 25.55, 250.00, 29, 135
2026-08-07T11:56:38.884Z,sibyl_graph_build,0, Tesla V100-PCIE-32GB, 0, 0, 0, 32768, 25.64, 250.00, 29, 135
2026-08-07T11:56:39.936Z,sibyl_graph_build,0, Tesla V100-PCIE-32GB, 0, 0, 0, 32768, 25.64, 250.00, 29, 135
2026-08-07T11:56:40.977Z,sibyl_graph_build,0, Tesla V100-PCIE-32GB, 0, 0, 0, 32768, 25.64, 250.00, 29, 135
2026-08-07T11:56:42.021Z,sibyl_graph_build,0, Tesla V100-PCIE-32GB, 0, 0, 0, 32768, 25.63, 250.00, 29, 135
2026-08-07T11:56:43.061Z,sibyl_graph_build,0, Tesla V100-PCIE-32GB, 0, 0, 0, 32768, 25.55, 250.00, 29, 135
2026-08-07T11:56:44.108Z,sibyl_graph_build,0, Tesla V100-PCIE-32GB, 0, 0, 0, 32768, 25.64, 250.00, 29, 135
2026-08-07T11:56:45.149Z,sibyl_graph_build,0, Tesla V100-PCIE-32GB, 0, 0, 0, 32768, 25.55, 250.00, 29, 135
2026-08-07T11:56:46.194Z,sibyl_graph_build,0, Tesla V100-PCIE-32GB, 0, 0, 0, 32768, 25.64, 250.00, 29, 135
2026-08-07T11:56:47.242Z,sibyl_graph_build,0, Tesla V100-PCIE-32GB, 0, 0, 0, 32768, 25.53, 250.00, 29, 135
2026-08-07T11:56:48.283Z,sibyl_graph_build,0, Tesla V100-PCIE-32GB, 0, 0, 0, 32768, 25.55, 250.00, 29, 135
2026-08-07T11:56:49.329Z,sibyl_graph_build,0, Tesla V100-PCIE-32GB, 0, 0, 0, 32768, 25.64, 250.00, 29, 135
2026-08-07T11:56:50.375Z,sibyl_graph_build,0, Tesla V100-PCIE-32GB, 0, 0, 0, 32768, 25.64, 250.00, 29, 135
2026-08-07T11:56:51.420Z,sibyl_graph_build,0, Tesla V100-PCIE-32GB, 0, 0, 0, 32768, 25.55, 250.00, 29, 135
2026-08-07T11:56:52.463Z,sibyl_graph_build,0, Tesla V100-PCIE-32GB, 0, 0, 0, 32768, 25.55, 250.00, 29, 135
2026-08-07T11:56:53.506Z,sibyl_graph_build,0, Tesla V100-PCIE-32GB, 0, 0, 0, 32768, 25.64, 250.00, 29, 135
2026-08-07T11:56:54.543Z,sibyl_graph_build,0, Tesla V100-PCIE-32GB, 0, 0, 0, 32768, 25.64, 250.00, 29, 135
2026-08-07T11:56:55.583Z,sibyl_graph_build,0, Tesla V100-PCIE-32GB, 0, 0, 0, 32768, 25.63, 250.00, 29, 135
2026-08-07T11:56:56.630Z,sibyl_graph_build,0, Tesla V100-PCIE-32GB, 0, 0, 0, 32768, 25.64, 250.00, 29, 135
2026-08-07T11:56:57.668Z,sibyl_graph_build,0, Tesla V100-PCIE-32GB, 0, 0, 0, 32768, 25.55, 250.00, 29, 135
2026-08-07T11:56:58.718Z,sibyl_graph_build,0, Tesla V100-PCIE-32GB, 0, 0, 0, 32768, 25.55, 250.00, 29, 135
2026-08-07T11:56:59.763Z,sibyl_graph_build,0, Tesla V100-PCIE-32GB, 0, 0, 0, 32768, 25.64, 250.00, 29, 135
2026-08-07T11:57:00.816Z,sibyl_graph_build,0, Tesla V100-PCIE-32GB, 0, 0, 0, 32768, 25.53, 250.00, 29, 135
2026-08-07T11:57:01.860Z,sibyl_graph_build,0, Tesla V100-PCIE-32GB, 0, 0, 0, 32768, 25.64, 250.00, 29, 135
2026-08-07T11:57:02.899Z,sibyl_graph_build,0, Tesla V100-PCIE-32GB, 0, 0, 0, 32768, 25.64, 250.00, 29, 135
2026-08-07T11:57:03.942Z,sibyl_graph_build,0, Tesla V100-PCIE-32GB, 0, 0, 0, 32768, 25.55, 250.00, 29, 135
2026-08-07T11:57:04.983Z,sibyl_graph_build,0, Tesla V100-PCIE-32GB, 0, 0, 0, 32768, 25.64, 250.00, 29, 135
2026-08-07T11:57:06.027Z,sibyl_graph_build,0, Tesla V100-PCIE-32GB, 0, 0, 0, 32768, 25.54, 250.00, 29, 135
2026-08-07T11:57:07.068Z,sibyl_graph_build,0, Tesla V100-PCIE-32GB, 0, 0, 0, 32768, 25.55, 250.00, 29, 135
2026-08-07T11:57:08.119Z,sibyl_graph_build,0, Tesla V100-PCIE-32GB, 0, 0, 0, 32768, 25.64, 250.00, 29, 135
2026-08-07T11:57:09.160Z,sibyl_graph_build,0, Tesla V100-PCIE-32GB, 0, 0, 0, 32768, 25.54, 250.00, 29, 135
2026-08-07T11:57:10.208Z,sibyl_graph_build,0, Tesla V100-PCIE-32GB, 0, 0, 0, 32768, 25.64, 250.00, 29, 135
2026-08-07T11:57:11.250Z,sibyl_graph_build,0, Tesla V100-PCIE-32GB, 0, 0, 0, 32768, 25.64, 250.00, 29, 135
2026-08-07T11:57:12.294Z,sibyl_graph_build,0, Tesla V100-PCIE-32GB, 0, 0, 0, 32768, 25.55, 250.00, 29, 135
2026-08-07T11:57:13.338Z,sibyl_graph_build,0, Tesla V100-PCIE-32GB, 0, 0, 0, 32768, 25.64, 250.00, 29, 135
2026-08-07T11:57:14.378Z,sibyl_graph_build,0, Tesla V100-PCIE-32GB, 0, 0, 0, 32768, 25.63, 250.00, 29, 135
2026-08-07T11:57:15.424Z,sibyl_graph_build,0, Tesla V100-PCIE-32GB, 0, 0, 0, 32768, 25.55, 250.00, 29, 135
2026-08-07T11:57:16.465Z,sibyl_graph_build,0, Tesla V100-PCIE-32GB, 0, 0, 0, 32768, 25.64, 250.00, 29, 135
2026-08-07T11:57:17.511Z,sibyl_graph_build,0, Tesla V100-PCIE-32GB, 0, 0, 0, 32768, 25.55, 250.00, 29, 135
2026-08-07T11:57:18.551Z,sibyl_graph_build,0, Tesla V100-PCIE-32GB, 0, 0, 0, 32768, 25.55, 250.00, 29, 135
2026-08-07T11:57:19.592Z,sibyl_graph_build,0, Tesla V100-PCIE-32GB, 0, 0, 0, 32768, 25.63, 250.00, 29, 135
2026-08-07T11:57:20.645Z,sibyl_graph_build,0, Tesla V100-PCIE-32GB, 0, 0, 0, 32768, 25.64, 250.00, 29, 135
2026-08-07T11:57:21.683Z,sibyl_graph_build,0, Tesla V100-PCIE-32GB, 0, 0, 0, 32768, 25.64, 250.00, 29, 135
2026-08-07T11:57:22.731Z,sibyl_graph_build,0, Tesla V100-PCIE-32GB, 0, 0, 0, 32768, 25.64, 250.00, 29, 135
2026-08-07T11:57:23.770Z,sibyl_graph_build,0, Tesla V100-PCIE-32GB, 0, 0, 0, 32768, 25.55, 250.00, 29, 135
2026-08-07T11:57:24.820Z,sibyl_graph_build,0, Tesla V100-PCIE-32GB, 0, 0, 0, 32768, 25.64, 250.00, 29, 135
2026-08-07T11:57:25.866Z,sibyl_graph_build,0, Tesla V100-PCIE-32GB, 0, 0, 0, 32768, 25.55, 250.00, 29, 135
2026-08-07T11:57:26.907Z,sibyl_graph_build,0, Tesla V100-PCIE-32GB, 0, 0, 0, 32768, 25.55, 250.00, 29, 135
2026-08-07T11:57:27.949Z,sibyl_graph_build,0, Tesla V100-PCIE-32GB, 0, 0, 0, 32768, 25.63, 250.00, 29, 135
2026-08-07T11:57:28.990Z,sibyl_graph_build,0, Tesla V100-PCIE-32GB, 0, 0, 0, 32768, 25.54, 250.00, 29, 135
2026-08-07T11:57:30.034Z,sibyl_graph_build,0, Tesla V100-PCIE-32GB, 0, 0, 0, 32768, 25.64, 250.00, 29, 135
2026-08-07T11:57:31.075Z,sibyl_graph_build,0, Tesla V100-PCIE-32GB, 0, 0, 0, 32768, 25.64, 250.00, 29, 135
2026-08-07T11:57:32.118Z,sibyl_graph_build,0, Tesla V100-PCIE-32GB, 0, 0, 0, 32768, 25.64, 250.00, 29, 135
2026-08-07T11:57:33.158Z,sibyl_graph_build,0, Tesla V100-PCIE-32GB, 0, 0, 0, 32768, 25.63, 250.00, 29, 135
2026-08-07T11:57:34.211Z,sibyl_graph_build,0, Tesla V100-PCIE-32GB, 0, 0, 0, 32768, 25.55, 250.00, 29, 135
2026-08-07T11:57:35.253Z,sibyl_graph_build,0, Tesla V100-PCIE-32GB, 0, 0, 0, 32768, 25.55, 250.00, 29, 135
2026-08-07T11:57:36.291Z,sibyl_graph_build,0, Tesla V100-PCIE-32GB, 0, 0, 0, 32768, 25.64, 250.00, 29, 135
2026-08-07T11:57:37.338Z,sibyl_graph_build,0, Tesla V100-PCIE-32GB, 0, 0, 0, 32768, 25.64, 250.00, 29, 135
2026-08-07T11:57:38.376Z,sibyl_graph_build,0, Tesla V100-PCIE-32GB, 0, 0, 0, 32768, 25.55, 250.00, 29, 135
2026-08-07T11:57:39.415Z,sibyl_graph_build,0, Tesla V100-PCIE-32GB, 0, 0, 0, 32768, 25.55, 250.00, 29, 135
2026-08-07T11:57:40.453Z,sibyl_graph_build,0, Tesla V100-PCIE-32GB, 0, 0, 0, 32768, 25.64, 250.00, 29, 135
2026-08-07T11:57:41.498Z,sibyl_graph_build,0, Tesla V100-PCIE-32GB, 0, 0, 0, 32768, 25.63, 250.00, 29, 135
2026-08-07T11:57:42.543Z,sibyl_graph_build,0, Tesla V100-PCIE-32GB, 0, 0, 0, 32768, 25.64, 250.00, 29, 135
2026-08-07T11:57:43.582Z,sibyl_graph_build,0, Tesla V100-PCIE-32GB, 0, 0, 0, 32768, 25.55, 250.00, 29, 135
2026-08-07T11:57:44.626Z,sibyl_graph_build,0, Tesla V100-PCIE-32GB, 0, 0, 0, 32768, 25.64, 250.00, 29, 135
2026-08-07T11:57:45.665Z,sibyl_graph_build,0, Tesla V100-PCIE-32GB, 0, 0, 0, 32768, 25.64, 250.00, 29, 135
2026-08-07T11:57:46.716Z,sibyl_graph_build,0, Tesla V100-PCIE-32GB, 0, 0, 0, 32768, 25.63, 250.00, 29, 135
2026-08-07T11:57:47.756Z,sibyl_graph_build,0, Tesla V100-PCIE-32GB, 0, 0, 0, 32768, 25.64, 250.00, 29, 135
2026-08-07T11:57:48.794Z,sibyl_graph_build,0, Tesla V100-PCIE-32GB, 0, 0, 0, 32768, 25.64, 250.00, 29, 135
2026-08-07T11:57:49.834Z,sibyl_graph_build,0, Tesla V100-PCIE-32GB, 0, 0, 0, 32768, 25.64, 250.00, 29, 135
2026-08-07T11:57:50.880Z,sibyl_graph_build,0, Tesla V100-PCIE-32GB, 0, 0, 0, 32768, 25.64, 250.00, 29, 135
2026-08-07T11:57:51.923Z,sibyl_graph_build,0, Tesla V100-PCIE-32GB, 0, 0, 0, 32768, 25.63, 250.00, 29, 135
2026-08-07T11:57:52.970Z,sibyl_graph_build,0, Tesla V100-PCIE-32GB, 0, 0, 0, 32768, 25.64, 250.00, 29, 135
2026-08-07T11:57:54.015Z,sibyl_graph_build,0, Tesla V100-PCIE-32GB, 0, 0, 0, 32768, 25.64, 250.00, 29, 135
2026-08-07T11:57:55.060Z,sibyl_graph_build,0, Tesla V100-PCIE-32GB, 0, 0, 0, 32768, 25.64, 250.00, 29, 135
2026-08-07T11:57:56.118Z,sibyl_graph_build,0, Tesla V100-PCIE-32GB, 0, 0, 0, 32768, 25.64, 250.00, 29, 135
2026-08-07T11:57:57.155Z,sibyl_graph_build,0, Tesla V100-PCIE-32GB, 0, 0, 0, 32768, 25.63, 250.00, 29, 135
2026-08-07T11:57:58.195Z,sibyl_graph_build,0, Tesla V100-PCIE-32GB, 0, 0, 0, 32768, 25.64, 250.00, 29, 135
2026-08-07T11:57:59.240Z,sibyl_graph_build,0, Tesla V100-PCIE-32GB, 0, 0, 0, 32768, 25.64, 250.00, 29, 135
2026-08-07T11:58:00.285Z,sibyl_graph_build,0, Tesla V100-PCIE-32GB, 0, 0, 0, 32768, 25.63, 250.00, 29, 135
2026-08-07T11:58:01.331Z,sibyl_graph_build,0, Tesla V100-PCIE-32GB, 0, 0, 0, 32768, 25.54, 250.00, 29, 135
2026-08-07T11:58:02.375Z,sibyl_graph_build,0, Tesla V100-PCIE-32GB, 0, 0, 0, 32768, 25.55, 250.00, 29, 135
2026-08-07T11:58:03.418Z,sibyl_graph_build,0, Tesla V100-PCIE-32GB, 0, 0, 0, 32768, 25.64, 250.00, 29, 135
2026-08-07T11:58:04.456Z,sibyl_graph_build,0, Tesla V100-PCIE-32GB, 0, 0, 0, 32768, 25.55, 250.00, 29, 135
2026-08-07T11:58:05.494Z,sibyl_graph_build,0, Tesla V100-PCIE-32GB, 0, 0, 0, 32768, 25.63, 250.00, 29, 135
2026-08-07T11:58:06.537Z,sibyl_graph_build,0, Tesla V100-PCIE-32GB, 0, 0, 0, 32768, 25.64, 250.00, 29, 135
2026-08-07T11:58:07.575Z,sibyl_graph_build,0, Tesla V100-PCIE-32GB, 0, 0, 0, 32768, 25.64, 250.00, 29, 135
2026-08-07T11:58:08.617Z,sibyl_graph_build,0, Tesla V100-PCIE-32GB, 0, 0, 0, 32768, 25.64, 250.00, 29, 135
2026-08-07T11:58:09.655Z,sibyl_graph_build,0, Tesla V100-PCIE-32GB, 0, 0, 0, 32768, 25.64, 250.00, 29, 135
2026-08-07T11:58:10.695Z,sibyl_graph_build,0, Tesla V100-PCIE-32GB, 0, 0, 0, 32768, 25.63, 250.00, 29, 135
2026-08-07T11:58:11.739Z,sibyl_graph_build,0, Tesla V100-PCIE-32GB, 0, 0, 0, 32768, 25.64, 250.00, 29, 135
2026-08-07T11:58:12.779Z,sibyl_graph_build,0, Tesla V100-PCIE-32GB, 0, 0, 0, 32768, 25.55, 250.00, 29, 135
2026-08-07T11:58:13.823Z,sibyl_graph_build,0, Tesla V100-PCIE-32GB, 0, 0, 0, 32768, 25.55, 250.00, 29, 135
2026-08-07T11:58:14.864Z,sibyl_graph_build,0, Tesla V100-PCIE-32GB, 0, 0, 0, 32768, 25.55, 250.00, 29, 135
2026-08-07T11:58:15.913Z,sibyl_graph_build,0, Tesla V100-PCIE-32GB, 0, 0, 0, 32768, 25.64, 250.00, 29, 135
2026-08-07T11:58:16.951Z,sibyl_graph_build,0, Tesla V100-PCIE-32GB, 0, 0, 0, 32768, 25.64, 250.00, 29, 135
2026-08-07T11:58:17.990Z,sibyl_graph_build,0, Tesla V100-PCIE-32GB, 0, 0, 0, 32768, 25.64, 250.00, 29, 135
2026-08-07T11:58:19.036Z,sibyl_graph_build,0, Tesla V100-PCIE-32GB, 0, 0, 0, 32768, 25.63, 250.00, 29, 135
2026-08-07T11:58:20.074Z,sibyl_graph_build,0, Tesla V100-PCIE-32GB, 0, 0, 0, 32768, 25.64, 250.00, 29, 135
2026-08-07T11:58:21.116Z,sibyl_graph_build,0, Tesla V100-PCIE-32GB, 0, 0, 0, 32768, 25.64, 250.00, 29, 135
2026-08-07T11:58:22.156Z,sibyl_graph_build,0, Tesla V100-PCIE-32GB, 0, 0, 0, 32768, 25.64, 250.00, 29, 135
2026-08-07T11:58:23.202Z,sibyl_graph_build,0, Tesla V100-PCIE-32GB, 0, 0, 0, 32768, 25.64, 250.00, 29, 135
2026-08-07T11:58:24.242Z,sibyl_graph_build,0, Tesla V100-PCIE-32GB, 0, 0, 0, 32768, 25.63, 250.00, 29, 135
2026-08-07T11:58:25.285Z,sibyl_graph_build,0, Tesla V100-PCIE-32GB, 0, 0, 0, 32768, 25.55, 250.00, 29, 135
2026-08-07T11:58:26.330Z,sibyl_graph_build,0, Tesla V100-PCIE-32GB, 0, 0, 0, 32768, 25.64, 250.00, 29, 135
2026-08-07T11:58:27.370Z,sibyl_graph_build,0, Tesla V100-PCIE-32GB, 0, 0, 0, 32768, 25.64, 250.00, 29, 135
2026-08-07T11:58:28.423Z,sibyl_graph_build,0, Tesla V100-PCIE-32GB, 0, 0, 0, 32768, 25.64, 250.00, 29, 135
2026-08-07T11:58:29.464Z,sibyl_graph_build,0, Tesla V100-PCIE-32GB, 0, 0, 0, 32768, 25.63, 250.00, 29, 135
2026-08-07T11:58:30.511Z,sibyl_graph_build,0, Tesla V100-PCIE-32GB, 0, 0, 0, 32768, 25.64, 250.00, 29, 135
2026-08-07T11:58:31.551Z,sibyl_graph_build,0, Tesla V100-PCIE-32GB, 0, 0, 0, 32768, 25.55, 250.00, 29, 135
2026-08-07T11:58:32.590Z,sibyl_graph_build,0, Tesla V100-PCIE-32GB, 0, 0, 0, 32768, 25.54, 250.00, 29, 135
2026-08-07T11:58:33.642Z,sibyl_graph_build,0, Tesla V100-PCIE-32GB, 0, 0, 0, 32768, 25.64, 250.00, 29, 135
2026-08-07T11:58:34.684Z,sibyl_graph_build,0, Tesla V100-PCIE-32GB, 0, 0, 0, 32768, 25.64, 250.00, 29, 135
2026-08-07T11:58:35.731Z,sibyl_graph_build,0, Tesla V100-PCIE-32GB, 0, 0, 0, 32768, 25.64, 250.00, 29, 135
2026-08-07T11:58:36.771Z,sibyl_graph_build,0, Tesla V100-PCIE-32GB, 0, 0, 0, 32768, 25.64, 250.00, 29, 135
2026-08-07T11:58:37.816Z,sibyl_graph_build,0, Tesla V100-PCIE-32GB, 0, 0, 0, 32768, 25.63, 250.00, 29, 135
2026-08-07T11:58:38.857Z,sibyl_graph_build,0, Tesla V100-PCIE-32GB, 0, 0, 0, 32768, 25.64, 250.00, 29, 135
2026-08-07T11:58:39.896Z,sibyl_graph_build,0, Tesla V100-PCIE-32GB, 0, 0, 0, 32768, 25.55, 250.00, 29, 135
2026-08-07T11:58:40.941Z,sibyl_graph_build,0, Tesla V100-PCIE-32GB, 0, 0, 0, 32768, 25.64, 250.00, 29, 135
2026-08-07T11:58:41.981Z,sibyl_graph_build,0, Tesla V100-PCIE-32GB, 0, 0, 0, 32768, 25.64, 250.00, 29, 135
2026-08-07T11:58:43.023Z,sibyl_graph_build,0, Tesla V100-PCIE-32GB, 0, 0, 0, 32768, 25.63, 250.00, 29, 135
2026-08-07T11:58:44.066Z,sibyl_graph_build,0, Tesla V100-PCIE-32GB, 0, 0, 0, 32768, 25.64, 250.00, 29, 135
2026-08-07T11:58:45.112Z,sibyl_graph_build,0, Tesla V100-PCIE-32GB, 0, 0, 0, 32768, 25.64, 250.00, 29, 135
2026-08-07T11:58:46.150Z,sibyl_graph_build,0, Tesla V100-PCIE-32GB, 0, 0, 0, 32768, 25.64, 250.00, 29, 135
2026-08-07T11:58:47.192Z,sibyl_graph_build,0, Tesla V100-PCIE-32GB, 0, 0, 0, 32768, 25.64, 250.00, 29, 135
2026-08-07T11:58:48.239Z,sibyl_graph_build,0, Tesla V100-PCIE-32GB, 0, 0, 0, 32768, 25.63, 250.00, 29, 135
2026-08-07T11:58:49.278Z,sibyl_graph_build,0, Tesla V100-PCIE-32GB, 0, 0, 0, 32768, 25.64, 250.00, 29, 135
2026-08-07T11:58:50.320Z,sibyl_graph_build,0, Tesla V100-PCIE-32GB, 0, 0, 0, 32768, 25.64, 250.00, 29, 135
2026-08-07T11:58:51.363Z,sibyl_graph_build,0, Tesla V100-PCIE-32GB, 0, 0, 0, 32768, 25.55, 250.00, 29, 135
2026-08-07T11:58:52.413Z,sibyl_graph_build,0, Tesla V100-PCIE-32GB, 0, 0, 0, 32768, 25.64, 250.00, 29, 135
2026-08-07T11:58:53.451Z,sibyl_graph_build,0, Tesla V100-PCIE-32GB, 0, 0, 0, 32768, 25.64, 250.00, 29, 135
2026-08-07T11:58:54.489Z,sibyl_graph_build,0, Tesla V100-PCIE-32GB, 0, 0, 0, 32768, 25.64, 250.00, 29, 135
2026-08-07T11:58:55.533Z,sibyl_graph_build,0, Tesla V100-PCIE-32GB, 0, 0, 0, 32768, 25.64, 250.00, 29, 135
2026-08-07T11:58:56.574Z,sibyl_graph_build,0, Tesla V100-PCIE-32GB, 0, 0, 0, 32768, 25.44, 250.00, 29, 135
2026-08-07T11:58:57.616Z,sibyl_graph_build,0, Tesla V100-PCIE-32GB, 0, 0, 0, 32768, 25.64, 250.00, 29, 135
2026-08-07T11:58:58.661Z,sibyl_graph_build,0, Tesla V100-PCIE-32GB, 0, 0, 0, 32768, 25.64, 250.00, 29, 135
2026-08-07T11:58:59.713Z,sibyl_graph_build,0, Tesla V100-PCIE-32GB, 0, 0, 0, 32768, 25.64, 250.00, 29, 135
2026-08-07T11:59:00.754Z,sibyl_graph_build,0, Tesla V100-PCIE-32GB, 0, 0, 0, 32768, 25.55, 250.00, 29, 135
2026-08-07T11:59:01.797Z,sibyl_graph_build,0, Tesla V100-PCIE-32GB, 0, 0, 0, 32768, 25.53, 250.00, 29, 135
2026-08-07T11:59:02.841Z,sibyl_graph_build,0, Tesla V100-PCIE-32GB, 0, 0, 0, 32768, 25.64, 250.00, 29, 135
2026-08-07T11:59:03.892Z,sibyl_graph_build,0, Tesla V100-PCIE-32GB, 0, 0, 0, 32768, 25.64, 250.00, 29, 135
2026-08-07T11:59:04.940Z,sibyl_graph_build,0, Tesla V100-PCIE-32GB, 0, 0, 0, 32768, 25.64, 250.00, 29, 135
2026-08-07T11:59:05.978Z,sibyl_graph_build,0, Tesla V100-PCIE-32GB, 0, 0, 0, 32768, 25.64, 250.00, 29, 135
2026-08-07T11:59:07.020Z,sibyl_graph_build,0, Tesla V100-PCIE-32GB, 0, 0, 0, 32768, 25.63, 250.00, 29, 135
2026-08-07T11:59:08.065Z,sibyl_graph_build,0, Tesla V100-PCIE-32GB, 0, 0, 0, 32768, 25.64, 250.00, 29, 135
2026-08-07T11:59:09.115Z,sibyl_graph_build,0, Tesla V100-PCIE-32GB, 0, 0, 0, 32768, 25.64, 250.00, 29, 135
2026-08-07T11:59:10.158Z,sibyl_graph_build,0, Tesla V100-PCIE-32GB, 0, 0, 0, 32768, 25.64, 250.00, 29, 135
2026-08-07T11:59:11.196Z,sibyl_graph_build,0, Tesla V100-PCIE-32GB, 0, 0, 0, 32768, 25.64, 250.00, 29, 135
2026-08-07T11:59:12.240Z,sibyl_graph_build,0, Tesla V100-PCIE-32GB, 0, 0, 0, 32768, 25.63, 250.00, 29, 135
2026-08-07T11:59:13.280Z,sibyl_graph_build,0, Tesla V100-PCIE-32GB, 0, 0, 0, 32768, 25.64, 250.00, 29, 135
2026-08-07T11:59:14.320Z,sibyl_graph_build,0, Tesla V100-PCIE-32GB, 0, 0, 0, 32768, 25.64, 250.00, 29, 135
2026-08-07T11:59:15.360Z,sibyl_graph_build,0, Tesla V100-PCIE-32GB, 0, 0, 0, 32768, 25.55, 250.00, 29, 135
2026-08-07T11:59:16.399Z,sibyl_graph_build,0, Tesla V100-PCIE-32GB, 0, 0, 0, 32768, 25.64, 250.00, 29, 135
2026-08-07T11:59:17.446Z,sibyl_graph_build,0, Tesla V100-PCIE-32GB, 0, 0, 0, 32768, 25.64, 250.00, 29, 135
2026-08-07T11:59:18.488Z,sibyl_graph_build,0, Tesla V100-PCIE-32GB, 0, 0, 0, 32768, 25.55, 250.00, 29, 135
2026-08-07T11:59:19.533Z,sibyl_graph_build,0, Tesla V100-PCIE-32GB, 0, 0, 0, 32768, 25.64, 250.00, 29, 135
2026-08-07T11:59:20.572Z,sibyl_graph_build,0, Tesla V100-PCIE-32GB, 0, 0, 0, 32768, 25.63, 250.00, 29, 135
2026-08-07T11:59:21.623Z,sibyl_graph_build,0, Tesla V100-PCIE-32GB, 0, 0, 0, 32768, 25.64, 250.00, 29, 135
2026-08-07T11:59:22.661Z,sibyl_graph_build,0, Tesla V100-PCIE-32GB, 0, 0, 0, 32768, 25.55, 250.00, 29, 135
2026-08-07T11:59:23.701Z,sibyl_graph_build,0, Tesla V100-PCIE-32GB, 0, 0, 0, 32768, 25.64, 250.00, 29, 135
2026-08-07T11:59:24.745Z,sibyl_graph_build,0, Tesla V100-PCIE-32GB, 0, 0, 0, 32768, 25.64, 250.00, 29, 135
2026-08-07T11:59:25.786Z,sibyl_graph_build,0, Tesla V100-PCIE-32GB, 0, 0, 0, 32768, 25.63, 250.00, 29, 135
2026-08-07T11:59:26.831Z,sibyl_graph_build,0, Tesla V100-PCIE-32GB, 0, 0, 0, 32768, 25.64, 250.00, 29, 135
2026-08-07T11:59:27.871Z,sibyl_graph_build,0, Tesla V100-PCIE-32GB, 0, 0, 0, 32768, 25.64, 250.00, 29, 135
2026-08-07T11:59:28.917Z,sibyl_graph_build,0, Tesla V100-PCIE-32GB, 0, 0, 0, 32768, 25.64, 250.00, 29, 135
2026-08-07T11:59:29.954Z,sibyl_graph_build,0, Tesla V100-PCIE-32GB, 0, 0, 0, 32768, 25.64, 250.00, 29, 135
2026-08-07T11:59:30.996Z,sibyl_graph_build,0, Tesla V100-PCIE-32GB, 0, 0, 0, 32768, 25.63, 250.00, 29, 135
2026-08-07T11:59:32.045Z,sibyl_graph_build,0, Tesla V100-PCIE-32GB, 0, 0, 0, 32768, 25.55, 250.00, 29, 135
2026-08-07T11:59:33.084Z,sibyl_graph_build,0, Tesla V100-PCIE-32GB, 0, 0, 0, 32768, 25.64, 250.00, 29, 135
2026-08-07T11:59:34.128Z,sibyl_graph_build,0, Tesla V100-PCIE-32GB, 0, 0, 0, 32768, 25.64, 250.00, 29, 135
2026-08-07T11:59:35.166Z,sibyl_graph_build,0, Tesla V100-PCIE-32GB, 0, 0, 0, 32768, 25.64, 250.00, 29, 135
2026-08-07T11:59:36.216Z,sibyl_graph_build,0, Tesla V100-PCIE-32GB, 0, 0, 0, 32768, 25.63, 250.00, 29, 135
2026-08-07T11:59:37.256Z,sibyl_graph_build,0, Tesla V100-PCIE-32GB, 0, 0, 0, 32768, 25.64, 250.00, 29, 135
2026-08-07T11:59:38.295Z,sibyl_graph_build,0, Tesla V100-PCIE-32GB, 0, 0, 0, 32768, 25.64, 250.00, 29, 135
2026-08-07T11:59:39.340Z,sibyl_graph_build,0, Tesla V100-PCIE-32GB, 0, 0, 0, 32768, 25.64, 250.00, 29, 135
2026-08-07T11:59:40.380Z,sibyl_graph_build,0, Tesla V100-PCIE-32GB, 0, 0, 0, 32768, 25.64, 250.00, 29, 135
2026-08-07T11:59:41.421Z,sibyl_graph_build,0, Tesla V100-PCIE-32GB, 0, 0, 0, 32768, 25.54, 250.00, 29, 135
2026-08-07T11:59:42.463Z,sibyl_graph_build,0, Tesla V100-PCIE-32GB, 0, 0, 0, 32768, 25.64, 250.00, 29, 135
2026-08-07T11:59:43.514Z,sibyl_graph_build,0, Tesla V100-PCIE-32GB, 0, 0, 0, 32768, 25.64, 250.00, 29, 135
2026-08-07T11:59:44.552Z,sibyl_graph_build,0, Tesla V100-PCIE-32GB, 0, 0, 0, 32768, 25.63, 250.00, 29, 135
2026-08-07T11:59:45.592Z,sibyl_graph_build,0, Tesla V100-PCIE-32GB, 0, 0, 0, 32768, 25.64, 250.00, 29, 135
2026-08-07T11:59:46.639Z,sibyl_graph_build,0, Tesla V100-PCIE-32GB, 0, 0, 0, 32768, 25.64, 250.00, 29, 135
2026-08-07T11:59:47.678Z,sibyl_graph_build,0, Tesla V100-PCIE-32GB, 0, 0, 0, 32768, 25.64, 250.00, 29, 135
2026-08-07T11:59:48.716Z,sibyl_graph_build,0, Tesla V100-PCIE-32GB, 0, 0, 0, 32768, 25.55, 250.00, 29, 135
2026-08-07T11:59:49.757Z,sibyl_graph_build,0, Tesla V100-PCIE-32GB, 0, 0, 0, 32768, 25.63, 250.00, 29, 135
2026-08-07T11:59:50.798Z,sibyl_graph_build,0, Tesla V100-PCIE-32GB, 0, 0, 0, 32768, 25.64, 250.00, 29, 135
2026-08-07T11:59:51.841Z,sibyl_graph_build,0, Tesla V100-PCIE-32GB, 0, 0, 0, 32768, 25.64, 250.00, 29, 135
2026-08-07T11:59:52.883Z,sibyl_graph_build,0, Tesla V100-PCIE-32GB, 0, 0, 0, 32768, 25.64, 250.00, 29, 135
2026-08-07T11:59:53.931Z,sibyl_graph_build,0, Tesla V100-PCIE-32GB, 0, 0, 0, 32768, 25.64, 250.00, 29, 135
2026-08-07T11:59:54.970Z,sibyl_graph_build,0, Tesla V100-PCIE-32GB, 0, 0, 0, 32768, 25.64, 250.00, 29, 135
2026-08-07T11:59:56.017Z,sibyl_graph_build,0, Tesla V100-PCIE-32GB, 0, 0, 0, 32768, 25.64, 250.00, 29, 135
2026-08-07T11:59:57.057Z,sibyl_graph_build,0, Tesla V100-PCIE-32GB, 0, 0, 0, 32768, 25.64, 250.00, 29, 135
2026-08-07T11:59:58.096Z,sibyl_graph_build,0, Tesla V100-PCIE-32GB, 0, 0, 0, 32768, 25.63, 250.00, 29, 135
2026-08-07T11:59:59.144Z,sibyl_graph_build,0, Tesla V100-PCIE-32GB, 0, 0, 0, 32768, 25.55, 250.00, 29, 135
2026-08-07T12:00:00.184Z,sibyl_graph_build,0, Tesla V100-PCIE-32GB, 0, 0, 0, 32768, 25.64, 250.00, 29, 135
2026-08-07T12:00:01.236Z,sibyl_graph_build,0, Tesla V100-PCIE-32GB, 0, 0, 0, 32768, 25.64, 250.00, 29, 135
2026-08-07T12:00:02.281Z,sibyl_graph_build,0, Tesla V100-PCIE-32GB, 0, 0, 0, 32768, 25.64, 250.00, 29, 135
2026-08-07T12:00:03.326Z,sibyl_graph_build,0, Tesla V100-PCIE-32GB, 0, 0, 0, 32768, 25.63, 250.00, 29, 135
2026-08-07T12:00:04.366Z,sibyl_graph_build,0, Tesla V100-PCIE-32GB, 0, 0, 0, 32768, 25.64, 250.00, 29, 135
2026-08-07T12:00:05.415Z,sibyl_graph_build,0, Tesla V100-PCIE-32GB, 0, 0, 0, 32768, 25.64, 250.00, 29, 135
2026-08-07T12:00:06.453Z,sibyl_graph_build,0, Tesla V100-PCIE-32GB, 0, 0, 0, 32768, 25.64, 250.00, 29, 135
2026-08-07T12:00:07.492Z,sibyl_graph_build,0, Tesla V100-PCIE-32GB, 0, 0, 0, 32768, 25.64, 250.00, 29, 135
2026-08-07T12:00:08.545Z,sibyl_graph_build,0, Tesla V100-PCIE-32GB, 0, 0, 0, 32768, 25.64, 250.00, 29, 135
2026-08-07T12:00:09.589Z,sibyl_graph_build,0, Tesla V100-PCIE-32GB, 0, 0, 0, 32768, 25.64, 250.00, 29, 135
2026-08-07T12:00:10.633Z,sibyl_graph_build,0, Tesla V100-PCIE-32GB, 0, 0, 0, 32768, 25.64, 250.00, 29, 135
2026-08-07T12:00:11.671Z,sibyl_graph_build,0, Tesla V100-PCIE-32GB, 0, 0, 0, 32768, 25.63, 250.00, 29, 135
2026-08-07T12:00:12.716Z,sibyl_graph_build,0, Tesla V100-PCIE-32GB, 0, 0, 0, 32768, 25.64, 250.00, 29, 135
2026-08-07T12:00:13.755Z,sibyl_graph_build,0, Tesla V100-PCIE-32GB, 0, 0, 0, 32768, 25.64, 250.00, 29, 135
2026-08-07T12:00:14.798Z,sibyl_graph_build,0, Tesla V100-PCIE-32GB, 0, 0, 0, 32768, 25.64, 250.00, 29, 135
2026-08-07T12:00:15.845Z,sibyl_graph_build,0, Tesla V100-PCIE-32GB, 0, 0, 0, 32768, 25.64, 250.00, 29, 135
2026-08-07T12:00:16.883Z,sibyl_graph_build,0, Tesla V100-PCIE-32GB, 0, 0, 0, 32768, 25.63, 250.00, 29, 135
2026-08-07T12:00:17.926Z,sibyl_graph_build,0, Tesla V100-PCIE-32GB, 0, 0, 0, 32768, 25.64, 250.00, 29, 135
2026-08-07T12:00:18.966Z,sibyl_graph_build,0, Tesla V100-PCIE-32GB, 0, 0, 0, 32768, 25.64, 250.00, 29, 135
2026-08-07T12:00:20.014Z,sibyl_graph_build,0, Tesla V100-PCIE-32GB, 0, 0, 0, 32768, 25.64, 250.00, 29, 135
2026-08-07T12:00:21.058Z,sibyl_graph_build,0, Tesla V100-PCIE-32GB, 0, 0, 0, 32768, 25.64, 250.00, 29, 135
2026-08-07T12:00:22.095Z,sibyl_graph_build,0, Tesla V100-PCIE-32GB, 0, 0, 0, 32768, 25.64, 250.00, 29, 135
2026-08-07T12:00:23.138Z,sibyl_graph_build,0, Tesla V100-PCIE-32GB, 0, 0, 0, 32768, 25.64, 250.00, 29, 135
2026-08-07T12:00:24.175Z,sibyl_graph_build,0, Tesla V100-PCIE-32GB, 0, 0, 0, 32768, 25.64, 250.00, 29, 135
2026-08-07T12:00:25.217Z,sibyl_graph_build,0, Tesla V100-PCIE-32GB, 0, 0, 0, 32768, 25.63, 250.00, 29, 135
2026-08-07T12:00:26.259Z,sibyl_graph_build,0, Tesla V100-PCIE-32GB, 0, 0, 0, 32768, 25.55, 250.00, 29, 135
2026-08-07T12:00:27.300Z,sibyl_graph_build,0, Tesla V100-PCIE-32GB, 0, 0, 0, 32768, 25.64, 250.00, 29, 135
2026-08-07T12:00:28.342Z,sibyl_graph_build,0, Tesla V100-PCIE-32GB, 0, 0, 0, 32768, 25.64, 250.00, 29, 135
2026-08-07T12:00:29.382Z,sibyl_graph_build,0, Tesla V100-PCIE-32GB, 0, 0, 0, 32768, 25.64, 250.00, 29, 135
2026-08-07T12:00:30.428Z,sibyl_graph_build,0, Tesla V100-PCIE-32GB, 0, 0, 0, 32768, 25.63, 250.00, 29, 135
2026-08-07T12:00:31.469Z,sibyl_graph_build,0, Tesla V100-PCIE-32GB, 0, 0, 0, 32768, 25.64, 250.00, 29, 135
2026-08-07T12:00:32.519Z,sibyl_graph_build,0, Tesla V100-PCIE-32GB, 0, 0, 0, 32768, 25.64, 250.00, 29, 135
2026-08-07T12:00:33.557Z,sibyl_graph_build,0, Tesla V100-PCIE-32GB, 0, 0, 0, 32768, 25.64, 250.00, 29, 135
2026-08-07T12:00:34.596Z,sibyl_graph_build,0, Tesla V100-PCIE-32GB, 0, 0, 0, 32768, 25.64, 250.00, 29, 135
2026-08-07T12:00:35.639Z,sibyl_graph_build,0, Tesla V100-PCIE-32GB, 0, 0, 0, 32768, 25.63, 250.00, 29, 135
2026-08-07T12:00:36.680Z,sibyl_graph_build,0, Tesla V100-PCIE-32GB, 0, 0, 0, 32768, 25.55, 250.00, 29, 135
2026-08-07T12:00:37.722Z,sibyl_graph_build,0, Tesla V100-PCIE-32GB, 0, 0, 0, 32768, 25.64, 250.00, 29, 135
2026-08-07T12:00:38.768Z,sibyl_graph_build,0, Tesla V100-PCIE-32GB, 0, 0, 0, 32768, 25.63, 250.00, 29, 135
2026-08-07T12:00:39.815Z,sibyl_graph_build,0, Tesla V100-PCIE-32GB, 0, 0, 0, 32768, 25.64, 250.00, 29, 135
2026-08-07T12:00:40.855Z,sibyl_graph_build,0, Tesla V100-PCIE-32GB, 0, 0, 0, 32768, 25.64, 250.00, 29, 135
2026-08-07T12:00:41.896Z,sibyl_graph_build,0, Tesla V100-PCIE-32GB, 0, 0, 0, 32768, 25.64, 250.00, 29, 135
2026-08-07T12:00:42.939Z,sibyl_graph_build,0, Tesla V100-PCIE-32GB, 0, 0, 0, 32768, 25.64, 250.00, 29, 135
2026-08-07T12:00:43.979Z,sibyl_graph_build,0, Tesla V100-PCIE-32GB, 0, 0, 0, 32768, 25.53, 250.00, 29, 135
2026-08-07T12:00:45.026Z,sibyl_graph_build,0, Tesla V100-PCIE-32GB, 0, 0, 0, 32768, 25.64, 250.00, 29, 135
2026-08-07T12:00:46.064Z,sibyl_graph_build,0, Tesla V100-PCIE-32GB, 0, 0, 0, 32768, 25.64, 250.00, 29, 135
2026-08-07T12:00:47.115Z,sibyl_graph_build,0, Tesla V100-PCIE-32GB, 0, 0, 0, 32768, 25.64, 250.00, 29, 135
2026-08-07T12:00:48.157Z,sibyl_graph_build,0, Tesla V100-PCIE-32GB, 0, 0, 0, 32768, 25.64, 250.00, 29, 135
2026-08-07T12:00:49.210Z,sibyl_graph_build,0, Tesla V100-PCIE-32GB, 0, 0, 0, 32768, 25.63, 250.00, 29, 135
2026-08-07T12:00:50.256Z,sibyl_graph_build,0, Tesla V100-PCIE-32GB, 0, 0, 0, 32768, 25.64, 250.00, 29, 135
2026-08-07T12:00:51.299Z,sibyl_graph_build,0, Tesla V100-PCIE-32GB, 0, 0, 0, 32768, 25.55, 250.00, 29, 135
2026-08-07T12:00:52.343Z,sibyl_graph_build,0, Tesla V100-PCIE-32GB, 0, 0, 0, 32768, 25.64, 250.00, 29, 135
2026-08-07T12:00:53.383Z,sibyl_graph_build,0, Tesla V100-PCIE-32GB, 0, 0, 0, 32768, 25.64, 250.00, 29, 135
2026-08-07T12:00:54.432Z,sibyl_graph_build,0, Tesla V100-PCIE-32GB, 0, 0, 0, 32768, 25.53, 250.00, 29, 135
2026-08-07T12:00:55.475Z,sibyl_graph_build,0, Tesla V100-PCIE-32GB, 0, 0, 0, 32768, 25.55, 250.00, 29, 135
2026-08-07T12:00:56.516Z,sibyl_graph_build,0, Tesla V100-PCIE-32GB, 0, 0, 0, 32768, 25.64, 250.00, 29, 135
2026-08-07T12:00:57.556Z,sibyl_graph_build,0, Tesla V100-PCIE-32GB, 0, 0, 0, 32768, 25.64, 250.00, 29, 135
2026-08-07T12:00:58.599Z,sibyl_graph_build,0, Tesla V100-PCIE-32GB, 0, 0, 0, 32768, 25.64, 250.00, 29, 135
2026-08-07T12:00:59.645Z,sibyl_graph_build,0, Tesla V100-PCIE-32GB, 0, 0, 0, 32768, 25.53, 250.00, 29, 135
2026-08-07T12:01:00.686Z,sibyl_graph_build,0, Tesla V100-PCIE-32GB, 0, 0, 0, 32768, 25.64, 250.00, 29, 135
2026-08-07T12:01:01.734Z,sibyl_graph_build,0, Tesla V100-PCIE-32GB, 0, 0, 0, 32768, 25.64, 250.00, 29, 135
2026-08-07T12:01:02.772Z,sibyl_graph_build,0, Tesla V100-PCIE-32GB, 0, 0, 0, 32768, 25.55, 250.00, 29, 135
2026-08-07T12:01:03.818Z,sibyl_graph_build,0, Tesla V100-PCIE-32GB, 0, 0, 0, 32768, 25.64, 250.00, 29, 135
2026-08-07T12:01:04.857Z,sibyl_graph_build,0, Tesla V100-PCIE-32GB, 0, 0, 0, 32768, 25.55, 250.00, 29, 135
2026-08-07T12:01:05.899Z,sibyl_graph_build,0, Tesla V100-PCIE-32GB, 0, 0, 0, 32768, 25.55, 250.00, 29, 135
2026-08-07T12:01:06.942Z,sibyl_graph_build,0, Tesla V100-PCIE-32GB, 0, 0, 0, 32768, 25.64, 250.00, 29, 135
2026-08-07T12:01:07.983Z,sibyl_graph_build,0, Tesla V100-PCIE-32GB, 0, 0, 0, 32768, 25.63, 250.00, 29, 135
2026-08-07T12:01:09.026Z,sibyl_graph_build,0, Tesla V100-PCIE-32GB, 0, 0, 0, 32768, 25.63, 250.00, 29, 135
2026-08-07T12:01:10.066Z,sibyl_graph_build,0, Tesla V100-PCIE-32GB, 0, 0, 0, 32768, 25.55, 250.00, 29, 135
2026-08-07T12:01:11.117Z,sibyl_graph_build,0, Tesla V100-PCIE-32GB, 0, 0, 0, 32768, 25.53, 250.00, 29, 135
2026-08-07T12:01:12.159Z,sibyl_graph_build,0, Tesla V100-PCIE-32GB, 0, 0, 0, 32768, 25.63, 250.00, 29, 135
2026-08-07T12:01:13.201Z,sibyl_graph_build,0, Tesla V100-PCIE-32GB, 0, 0, 0, 32768, 25.63, 250.00, 29, 135
2026-08-07T12:01:14.248Z,sibyl_graph_build,0, Tesla V100-PCIE-32GB, 0, 0, 0, 32768, 25.53, 250.00, 29, 135
2026-08-07T12:01:15.292Z,sibyl_graph_build,0, Tesla V100-PCIE-32GB, 0, 0, 0, 32768, 25.55, 250.00, 29, 135
2026-08-07T12:01:16.346Z,sibyl_graph_build,0, Tesla V100-PCIE-32GB, 0, 0, 0, 32768, 25.64, 250.00, 29, 135
2026-08-07T12:01:17.386Z,sibyl_graph_build,0, Tesla V100-PCIE-32GB, 0, 0, 0, 32768, 25.64, 250.00, 29, 135
2026-08-07T12:01:18.436Z,sibyl_graph_build,0, Tesla V100-PCIE-32GB, 0, 0, 0, 32768, 25.64, 250.00, 29, 135
2026-08-07T12:01:19.477Z,sibyl_graph_build,0, Tesla V100-PCIE-32GB, 0, 0, 0, 32768, 25.63, 250.00, 29, 135
2026-08-07T12:01:20.519Z,sibyl_graph_build,0, Tesla V100-PCIE-32GB, 0, 0, 0, 32768, 25.64, 250.00, 29, 135
2026-08-07T12:01:21.566Z,sibyl_graph_build,0, Tesla V100-PCIE-32GB, 0, 0, 0, 32768, 25.64, 250.00, 29, 135
2026-08-07T12:01:22.618Z,sibyl_graph_build,0, Tesla V100-PCIE-32GB, 0, 0, 0, 32768, 25.64, 250.00, 29, 135
2026-08-07T12:01:23.658Z,sibyl_graph_build,0, Tesla V100-PCIE-32GB, 0, 0, 0, 32768, 25.64, 250.00, 29, 135
2026-08-07T12:01:24.696Z,sibyl_graph_build,0, Tesla V100-PCIE-32GB, 0, 0, 0, 32768, 25.63, 250.00, 29, 135
2026-08-07T12:01:25.741Z,sibyl_graph_build,0, Tesla V100-PCIE-32GB, 0, 0, 0, 32768, 25.64, 250.00, 29, 135
2026-08-07T12:01:26.780Z,sibyl_graph_build,0, Tesla V100-PCIE-32GB, 0, 0, 0, 32768, 25.64, 250.00, 29, 135
2026-08-07T12:01:27.822Z,sibyl_graph_build,0, Tesla V100-PCIE-32GB, 0, 0, 0, 32768, 25.52, 250.00, 29, 135
2026-08-07T12:01:28.865Z,sibyl_graph_build,0, Tesla V100-PCIE-32GB, 0, 0, 0, 32768, 25.64, 250.00, 29, 135
2026-08-07T12:01:29.911Z,sibyl_graph_build,0, Tesla V100-PCIE-32GB, 0, 0, 0, 32768, 25.55, 250.00, 29, 135
2026-08-07T12:01:30.957Z,sibyl_graph_build,0, Tesla V100-PCIE-32GB, 0, 0, 0, 32768, 25.55, 250.00, 29, 135
2026-08-07T12:01:31.998Z,sibyl_graph_build,0, Tesla V100-PCIE-32GB, 0, 0, 0, 32768, 25.64, 250.00, 29, 135
2026-08-07T12:01:33.041Z,sibyl_graph_build,0, Tesla V100-PCIE-32GB, 0, 0, 0, 32768, 25.63, 250.00, 29, 135
2026-08-07T12:01:34.086Z,sibyl_graph_build,0, Tesla V100-PCIE-32GB, 0, 0, 0, 32768, 25.64, 250.00, 29, 135
2026-08-07T12:01:35.129Z,sibyl_graph_build,0, Tesla V100-PCIE-32GB, 0, 0, 0, 32768, 25.64, 250.00, 29, 135
2026-08-07T12:01:36.170Z,sibyl_graph_build,0, Tesla V100-PCIE-32GB, 0, 0, 0, 32768, 25.64, 250.00, 29, 135
2026-08-07T12:01:37.211Z,sibyl_graph_build,0, Tesla V100-PCIE-32GB, 0, 0, 0, 32768, 25.55, 250.00, 29, 135
2026-08-07T12:01:38.257Z,sibyl_graph_build,0, Tesla V100-PCIE-32GB, 0, 0, 0, 32768, 25.63, 250.00, 29, 135
2026-08-07T12:01:39.301Z,sibyl_graph_build,0, Tesla V100-PCIE-32GB, 0, 0, 0, 32768, 25.64, 250.00, 29, 135
2026-08-07T12:01:40.344Z,sibyl_graph_build,0, Tesla V100-PCIE-32GB, 0, 0, 0, 32768, 25.64, 250.00, 29, 135
2026-08-07T12:01:41.384Z,sibyl_graph_build,0, Tesla V100-PCIE-32GB, 0, 0, 0, 32768, 25.64, 250.00, 29, 135
2026-08-07T12:01:42.429Z,sibyl_graph_build,0, Tesla V100-PCIE-32GB, 0, 0, 0, 32768, 25.64, 250.00, 29, 135
2026-08-07T12:01:43.472Z,sibyl_graph_build,0, Tesla V100-PCIE-32GB, 0, 0, 0, 32768, 25.55, 250.00, 29, 135
2026-08-07T12:01:44.516Z,sibyl_graph_build,0, Tesla V100-PCIE-32GB, 0, 0, 0, 32768, 25.64, 250.00, 29, 135
2026-08-07T12:01:45.557Z,sibyl_graph_build,0, Tesla V100-PCIE-32GB, 0, 0, 0, 32768, 25.64, 250.00, 29, 135
2026-08-07T12:01:46.611Z,sibyl_graph_build,0, Tesla V100-PCIE-32GB, 0, 0, 0, 32768, 25.63, 250.00, 29, 135
2026-08-07T12:01:47.651Z,sibyl_graph_build,0, Tesla V100-PCIE-32GB, 0, 0, 0, 32768, 25.55, 250.00, 29, 135
2026-08-07T12:01:48.691Z,sibyl_graph_build,0, Tesla V100-PCIE-32GB, 0, 0, 0, 32768, 25.64, 250.00, 29, 135
2026-08-07T12:01:49.729Z,sibyl_graph_build,0, Tesla V100-PCIE-32GB, 0, 0, 0, 32768, 25.64, 250.00, 29, 135
2026-08-07T12:01:50.770Z,sibyl_graph_build,0, Tesla V100-PCIE-32GB, 0, 0, 0, 32768, 25.64, 250.00, 29, 135
2026-08-07T12:01:51.817Z,sibyl_graph_build,0, Tesla V100-PCIE-32GB, 0, 0, 0, 32768, 25.63, 250.00, 29, 135
2026-08-07T12:01:52.858Z,sibyl_graph_build,0, Tesla V100-PCIE-32GB, 0, 0, 0, 32768, 25.55, 250.00, 29, 135
2026-08-07T12:01:53.899Z,sibyl_graph_build,0, Tesla V100-PCIE-32GB, 0, 0, 0, 32768, 25.64, 250.00, 29, 135
2026-08-07T12:01:54.942Z,sibyl_graph_build,0, Tesla V100-PCIE-32GB, 0, 0, 0, 32768, 25.64, 250.00, 29, 135
2026-08-07T12:01:55.986Z,sibyl_graph_build,0, Tesla V100-PCIE-32GB, 0, 0, 0, 32768, 25.64, 250.00, 29, 135
2026-08-07T12:01:57.033Z,sibyl_graph_build,0, Tesla V100-PCIE-32GB, 0, 0, 0, 32768, 25.63, 250.00, 29, 135
2026-08-07T12:01:58.073Z,sibyl_graph_build,0, Tesla V100-PCIE-32GB, 0, 0, 0, 32768, 25.64, 250.00, 29, 135
2026-08-07T12:01:59.116Z,sibyl_graph_build,0, Tesla V100-PCIE-32GB, 0, 0, 0, 32768, 25.64, 250.00, 29, 135
2026-08-07T12:02:00.157Z,sibyl_graph_build,0, Tesla V100-PCIE-32GB, 0, 0, 0, 32768, 25.53, 250.00, 29, 135
2026-08-07T12:02:01.196Z,sibyl_graph_build,0, Tesla V100-PCIE-32GB, 0, 0, 0, 32768, 25.55, 250.00, 29, 135
2026-08-07T12:02:02.240Z,sibyl_graph_build,0, Tesla V100-PCIE-32GB, 0, 0, 0, 32768, 25.64, 250.00, 29, 135
2026-08-07T12:02:03.281Z,sibyl_graph_build,0, Tesla V100-PCIE-32GB, 0, 0, 0, 32768, 25.64, 250.00, 29, 135
2026-08-07T12:02:04.328Z,sibyl_graph_build,0, Tesla V100-PCIE-32GB, 0, 0, 0, 32768, 25.64, 250.00, 29, 135
2026-08-07T12:02:05.368Z,sibyl_graph_build,0, Tesla V100-PCIE-32GB, 0, 0, 0, 32768, 25.62, 250.00, 29, 135
2026-08-07T12:02:06.425Z,sibyl_graph_build,0, Tesla V100-PCIE-32GB, 0, 0, 0, 32768, 25.64, 250.00, 29, 135
2026-08-07T12:02:07.463Z,sibyl_graph_build,0, Tesla V100-PCIE-32GB, 0, 0, 0, 32768, 25.64, 250.00, 29, 135
2026-08-07T12:02:08.509Z,sibyl_graph_build,0, Tesla V100-PCIE-32GB, 0, 0, 0, 32768, 25.64, 250.00, 29, 135
2026-08-07T12:02:09.548Z,sibyl_graph_build,0, Tesla V100-PCIE-32GB, 0, 0, 0, 32768, 25.64, 250.00, 29, 135
2026-08-07T12:02:10.587Z,sibyl_graph_build,0, Tesla V100-PCIE-32GB, 0, 0, 0, 32768, 25.63, 250.00, 29, 135
2026-08-07T12:02:11.635Z,sibyl_graph_build,0, Tesla V100-PCIE-32GB, 0, 0, 0, 32768, 25.64, 250.00, 29, 135
2026-08-07T12:02:12.673Z,sibyl_graph_build,0, Tesla V100-PCIE-32GB, 0, 0, 0, 32768, 25.55, 250.00, 29, 135
2026-08-07T12:02:13.716Z,sibyl_graph_build,0, Tesla V100-PCIE-32GB, 0, 0, 0, 32768, 25.55, 250.00, 29, 135
2026-08-07T12:02:14.754Z,sibyl_graph_build,0, Tesla V100-PCIE-32GB, 0, 0, 0, 32768, 25.55, 250.00, 29, 135
2026-08-07T12:02:15.795Z,sibyl_graph_build,0, Tesla V100-PCIE-32GB, 0, 0, 0, 32768, 25.63, 250.00, 29, 135
2026-08-07T12:02:16.840Z,sibyl_graph_build,0, Tesla V100-PCIE-32GB, 0, 0, 0, 32768, 25.64, 250.00, 29, 135
2026-08-07T12:02:17.879Z,sibyl_graph_build,0, Tesla V100-PCIE-32GB, 0, 0, 0, 32768, 25.64, 250.00, 29, 135
2026-08-07T12:02:18.919Z,sibyl_graph_build,0, Tesla V100-PCIE-32GB, 0, 0, 0, 32768, 25.54, 250.00, 29, 135
2026-08-07T12:02:19.967Z,sibyl_graph_build,0, Tesla V100-PCIE-32GB, 0, 0, 0, 32768, 25.64, 250.00, 29, 135
2026-08-07T12:02:21.017Z,sibyl_graph_build,0, Tesla V100-PCIE-32GB, 0, 0, 0, 32768, 25.55, 250.00, 29, 135
2026-08-07T12:02:22.057Z,sibyl_graph_build,0, Tesla V100-PCIE-32GB, 0, 0, 0, 32768, 25.64, 250.00, 29, 135
2026-08-07T12:02:23.099Z,sibyl_graph_build,0, Tesla V100-PCIE-32GB, 0, 0, 0, 32768, 25.55, 250.00, 29, 135
2026-08-07T12:02:24.146Z,sibyl_graph_build,0, Tesla V100-PCIE-32GB, 0, 0, 0, 32768, 25.63, 250.00, 29, 135
2026-08-07T12:02:25.192Z,sibyl_graph_build,0, Tesla V100-PCIE-32GB, 0, 0, 0, 32768, 25.64, 250.00, 29, 135
2026-08-07T12:02:26.239Z,sibyl_graph_build,0, Tesla V100-PCIE-32GB, 0, 0, 0, 32768, 25.64, 250.00, 29, 135
2026-08-07T12:02:27.279Z,sibyl_graph_build,0, Tesla V100-PCIE-32GB, 0, 0, 0, 32768, 25.64, 250.00, 29, 135
2026-08-07T12:02:28.322Z,sibyl_graph_build,0, Tesla V100-PCIE-32GB, 0, 0, 0, 32768, 25.64, 250.00, 29, 135
2026-08-07T12:02:29.934Z,sibyl_graph_build,0, Tesla V100-PCIE-32GB, 0, 0, 0, 32768, 25.55, 250.00, 29, 135
2026-08-07T12:02:30.978Z,sibyl_graph_build,0, Tesla V100-PCIE-32GB, 0, 0, 0, 32768, 25.63, 250.00, 29, 135
2026-08-07T12:02:32.034Z,sibyl_graph_build,0, Tesla V100-PCIE-32GB, 0, 0, 0, 32768, 25.55, 250.00, 29, 135
2026-08-07T12:02:33.075Z,sibyl_graph_build,0, Tesla V100-PCIE-32GB, 0, 0, 0, 32768, 25.64, 250.00, 29, 135
2026-08-07T12:02:34.115Z,sibyl_graph_build,0, Tesla V100-PCIE-32GB, 0, 0, 0, 32768, 25.64, 250.00, 29, 135
2026-08-07T12:02:35.156Z,sibyl_graph_build,0, Tesla V100-PCIE-32GB, 0, 0, 0, 32768, 25.64, 250.00, 29, 135
2026-08-07T12:02:36.195Z,sibyl_graph_build,0, Tesla V100-PCIE-32GB, 0, 0, 0, 32768, 25.63, 250.00, 29, 135
2026-08-07T12:02:37.243Z,sibyl_graph_build,0, Tesla V100-PCIE-32GB, 0, 0, 0, 32768, 25.64, 250.00, 29, 135
2026-08-07T12:02:38.283Z,sibyl_graph_build,0, Tesla V100-PCIE-32GB, 0, 0, 0, 32768, 25.64, 250.00, 29, 135
2026-08-07T12:02:39.337Z,sibyl_graph_build,0, Tesla V100-PCIE-32GB, 0, 0, 0, 32768, 25.64, 250.00, 29, 135
2026-08-07T12:02:40.381Z,sibyl_graph_build,0, Tesla V100-PCIE-32GB, 0, 0, 0, 32768, 25.55, 250.00, 29, 135
2026-08-07T12:02:41.423Z,sibyl_graph_build,0, Tesla V100-PCIE-32GB, 0, 0, 0, 32768, 25.64, 250.00, 29, 135
2026-08-07T12:02:42.468Z,sibyl_graph_build,0, Tesla V100-PCIE-32GB, 0, 0, 0, 32768, 25.55, 250.00, 29, 135
2026-08-07T12:02:43.515Z,sibyl_graph_build,0, Tesla V100-PCIE-32GB, 0, 0, 0, 32768, 25.64, 250.00, 29, 135
2026-08-07T12:02:44.555Z,sibyl_graph_build,0, Tesla V100-PCIE-32GB, 0, 0, 0, 32768, 25.63, 250.00, 29, 135
2026-08-07T12:02:45.595Z,sibyl_graph_build,0, Tesla V100-PCIE-32GB, 0, 0, 0, 32768, 25.55, 250.00, 29, 135
2026-08-07T12:02:46.638Z,sibyl_graph_build,0, Tesla V100-PCIE-32GB, 0, 0, 0, 32768, 25.64, 250.00, 29, 135
2026-08-07T12:02:47.681Z,sibyl_graph_build,0, Tesla V100-PCIE-32GB, 0, 0, 0, 32768, 25.64, 250.00, 29, 135
2026-08-07T12:02:48.726Z,sibyl_graph_build,0, Tesla V100-PCIE-32GB, 0, 0, 0, 32768, 25.55, 250.00, 29, 135
2026-08-07T12:02:49.767Z,sibyl_graph_build,0, Tesla V100-PCIE-32GB, 0, 0, 0, 32768, 25.55, 250.00, 29, 135
2026-08-07T12:02:50.815Z,sibyl_graph_build,0, Tesla V100-PCIE-32GB, 0, 0, 0, 32768, 25.64, 250.00, 29, 135
2026-08-07T12:02:51.854Z,sibyl_graph_build,0, Tesla V100-PCIE-32GB, 0, 0, 0, 32768, 25.55, 250.00, 29, 135
2026-08-07T12:02:52.895Z,sibyl_graph_build,0, Tesla V100-PCIE-32GB, 0, 0, 0, 32768, 25.63, 250.00, 29, 135
2026-08-07T12:02:53.939Z,sibyl_graph_build,0, Tesla V100-PCIE-32GB, 0, 0, 0, 32768, 25.55, 250.00, 29, 135
2026-08-07T12:02:54.980Z,sibyl_graph_build,0, Tesla V100-PCIE-32GB, 0, 0, 0, 32768, 25.64, 250.00, 29, 135
2026-08-07T12:02:56.028Z,sibyl_graph_build,0, Tesla V100-PCIE-32GB, 0, 0, 0, 32768, 25.55, 250.00, 29, 135
2026-08-07T12:02:57.067Z,sibyl_graph_build,0, Tesla V100-PCIE-32GB, 0, 0, 0, 32768, 25.64, 250.00, 29, 135
2026-08-07T12:02:58.116Z,sibyl_graph_build,0, Tesla V100-PCIE-32GB, 0, 0, 0, 32768, 25.63, 250.00, 29, 135
2026-08-07T12:02:59.154Z,sibyl_graph_build,0, Tesla V100-PCIE-32GB, 0, 0, 0, 32768, 25.64, 250.00, 29, 135
2026-08-07T12:03:00.194Z,sibyl_graph_build,0, Tesla V100-PCIE-32GB, 0, 0, 0, 32768, 25.55, 250.00, 29, 135
2026-08-07T12:03:01.238Z,sibyl_graph_build,0, Tesla V100-PCIE-32GB, 0, 0, 0, 32768, 25.63, 250.00, 29, 135
2026-08-07T12:03:02.286Z,sibyl_graph_build,0, Tesla V100-PCIE-32GB, 0, 0, 0, 32768, 25.64, 250.00, 29, 135
2026-08-07T12:03:03.329Z,sibyl_graph_build,0, Tesla V100-PCIE-32GB, 0, 0, 0, 32768, 25.64, 250.00, 29, 135
2026-08-07T12:03:04.366Z,sibyl_graph_build,0, Tesla V100-PCIE-32GB, 0, 0, 0, 32768, 25.64, 250.00, 29, 135
2026-08-07T12:03:05.416Z,sibyl_graph_build,0, Tesla V100-PCIE-32GB, 0, 0, 0, 32768, 25.55, 250.00, 29, 135
2026-08-07T12:03:06.453Z,sibyl_graph_build,0, Tesla V100-PCIE-32GB, 0, 0, 0, 32768, 25.63, 250.00, 29, 135
2026-08-07T12:03:07.497Z,sibyl_graph_build,0, Tesla V100-PCIE-32GB, 0, 0, 0, 32768, 25.64, 250.00, 29, 135
2026-08-07T12:03:08.541Z,sibyl_graph_build,0, Tesla V100-PCIE-32GB, 0, 0, 0, 32768, 25.64, 250.00, 29, 135
2026-08-07T12:03:09.584Z,sibyl_graph_build,0, Tesla V100-PCIE-32GB, 0, 0, 0, 32768, 25.64, 250.00, 29, 135
2026-08-07T12:03:10.634Z,sibyl_graph_build,0, Tesla V100-PCIE-32GB, 0, 0, 0, 32768, 25.64, 250.00, 29, 135
2026-08-07T12:03:11.676Z,sibyl_graph_build,0, Tesla V100-PCIE-32GB, 0, 0, 0, 32768, 25.55, 250.00, 29, 135
2026-08-07T12:03:12.716Z,sibyl_graph_build,0, Tesla V100-PCIE-32GB, 0, 0, 0, 32768, 25.55, 250.00, 29, 135
2026-08-07T12:03:13.757Z,sibyl_graph_build,0, Tesla V100-PCIE-32GB, 0, 0, 0, 32768, 25.64, 250.00, 29, 135
2026-08-07T12:03:14.810Z,sibyl_graph_build,0, Tesla V100-PCIE-32GB, 0, 0, 0, 32768, 25.63, 250.00, 29, 135
2026-08-07T12:03:15.851Z,sibyl_graph_build,0, Tesla V100-PCIE-32GB, 0, 0, 0, 32768, 25.64, 250.00, 29, 135
2026-08-07T12:03:16.892Z,sibyl_graph_build,0, Tesla V100-PCIE-32GB, 0, 0, 0, 32768, 25.55, 250.00, 29, 135
2026-08-07T12:03:17.936Z,sibyl_graph_build,0, Tesla V100-PCIE-32GB, 0, 0, 0, 32768, 25.64, 250.00, 29, 135
2026-08-07T12:03:18.978Z,sibyl_graph_build,0, Tesla V100-PCIE-32GB, 0, 0, 0, 32768, 25.64, 250.00, 29, 135
2026-08-07T12:03:20.016Z,sibyl_graph_build,0, Tesla V100-PCIE-32GB, 0, 0, 0, 32768, 25.63, 250.00, 29, 135
2026-08-07T12:03:21.058Z,sibyl_graph_build,0, Tesla V100-PCIE-32GB, 0, 0, 0, 32768, 25.64, 250.00, 29, 135
2026-08-07T12:03:22.110Z,sibyl_graph_build,0, Tesla V100-PCIE-32GB, 0, 0, 0, 32768, 25.55, 250.00, 29, 135
2026-08-07T12:03:23.150Z,sibyl_graph_build,0, Tesla V100-PCIE-32GB, 0, 0, 0, 32768, 25.64, 250.00, 29, 135
2026-08-07T12:03:24.194Z,sibyl_graph_build,0, Tesla V100-PCIE-32GB, 0, 0, 0, 32768, 25.64, 250.00, 29, 135
2026-08-07T12:03:25.236Z,sibyl_graph_build,0, Tesla V100-PCIE-32GB, 0, 0, 0, 32768, 25.64, 250.00, 29, 135
2026-08-07T12:03:26.273Z,sibyl_graph_build,0, Tesla V100-PCIE-32GB, 0, 0, 0, 32768, 25.64, 250.00, 29, 135
2026-08-07T12:03:27.316Z,sibyl_graph_build,0, Tesla V100-PCIE-32GB, 0, 0, 0, 32768, 25.64, 250.00, 29, 135
2026-08-07T12:03:28.356Z,sibyl_graph_build,0, Tesla V100-PCIE-32GB, 0, 0, 0, 32768, 25.63, 250.00, 29, 135
2026-08-07T12:03:29.395Z,sibyl_graph_build,0, Tesla V100-PCIE-32GB, 0, 0, 0, 32768, 25.64, 250.00, 29, 135
2026-08-07T12:03:30.437Z,sibyl_graph_build,0, Tesla V100-PCIE-32GB, 0, 0, 0, 32768, 25.64, 250.00, 29, 135
2026-08-07T12:03:31.482Z,sibyl_graph_build,0, Tesla V100-PCIE-32GB, 0, 0, 0, 32768, 25.55, 250.00, 29, 135
2026-08-07T12:03:32.527Z,sibyl_graph_build,0, Tesla V100-PCIE-32GB, 0, 0, 0, 32768, 25.64, 250.00, 29, 135
2026-08-07T12:03:33.571Z,sibyl_graph_build,0, Tesla V100-PCIE-32GB, 0, 0, 0, 32768, 25.53, 250.00, 29, 135
2026-08-07T12:03:34.619Z,sibyl_graph_build,0, Tesla V100-PCIE-32GB, 0, 0, 0, 32768, 25.64, 250.00, 29, 135
2026-08-07T12:03:35.665Z,sibyl_graph_build,0, Tesla V100-PCIE-32GB, 0, 0, 0, 32768, 25.64, 250.00, 29, 135
2026-08-07T12:03:36.714Z,sibyl_graph_build,0, Tesla V100-PCIE-32GB, 0, 0, 0, 32768, 25.62, 250.00, 29, 135
2026-08-07T12:03:37.756Z,sibyl_graph_build,0, Tesla V100-PCIE-32GB, 0, 0, 0, 32768, 25.64, 250.00, 29, 135
2026-08-07T12:03:38.796Z,sibyl_graph_build,0, Tesla V100-PCIE-32GB, 0, 0, 0, 32768, 25.64, 250.00, 29, 135
2026-08-07T12:03:39.841Z,sibyl_graph_build,0, Tesla V100-PCIE-32GB, 0, 0, 0, 32768, 25.55, 250.00, 29, 135
2026-08-07T12:03:40.880Z,sibyl_graph_build,0, Tesla V100-PCIE-32GB, 0, 0, 0, 32768, 25.64, 250.00, 29, 135
2026-08-07T12:03:41.926Z,sibyl_graph_build,0, Tesla V100-PCIE-32GB, 0, 0, 0, 32768, 25.63, 250.00, 29, 135
2026-08-07T12:03:42.969Z,sibyl_graph_build,0, Tesla V100-PCIE-32GB, 0, 0, 0, 32768, 25.64, 250.00, 29, 135
2026-08-07T12:03:44.016Z,sibyl_graph_build,0, Tesla V100-PCIE-32GB, 0, 0, 0, 32768, 25.64, 250.00, 29, 135
2026-08-07T12:03:45.053Z,sibyl_graph_build,0, Tesla V100-PCIE-32GB, 0, 0, 0, 32768, 25.64, 250.00, 29, 135
2026-08-07T12:03:46.094Z,sibyl_graph_build,0, Tesla V100-PCIE-32GB, 0, 0, 0, 32768, 25.64, 250.00, 29, 135
2026-08-07T12:03:47.137Z,sibyl_graph_build,0, Tesla V100-PCIE-32GB, 0, 0, 0, 32768, 25.64, 250.00, 29, 135
2026-08-07T12:03:48.179Z,sibyl_graph_build,0, Tesla V100-PCIE-32GB, 0, 0, 0, 32768, 25.64, 250.00, 29, 135
2026-08-07T12:03:49.224Z,sibyl_graph_build,0, Tesla V100-PCIE-32GB, 0, 0, 0, 32768, 25.64, 250.00, 29, 135
2026-08-07T12:03:50.267Z,sibyl_graph_build,0, Tesla V100-PCIE-32GB, 0, 0, 0, 32768, 25.64, 250.00, 29, 135
2026-08-07T12:03:51.317Z,sibyl_graph_build,0, Tesla V100-PCIE-32GB, 0, 0, 0, 32768, 25.64, 250.00, 29, 135
2026-08-07T12:03:52.356Z,sibyl_graph_build,0, Tesla V100-PCIE-32GB, 0, 0, 0, 32768, 25.55, 250.00, 29, 135
2026-08-07T12:03:53.397Z,sibyl_graph_build,0, Tesla V100-PCIE-32GB, 0, 0, 0, 32768, 25.64, 250.00, 29, 135
2026-08-07T12:03:54.440Z,sibyl_graph_build,0, Tesla V100-PCIE-32GB, 0, 0, 0, 32768, 25.64, 250.00, 29, 135
2026-08-07T12:03:55.484Z,sibyl_graph_build,0, Tesla V100-PCIE-32GB, 0, 0, 0, 32768, 25.63, 250.00, 29, 135
2026-08-07T12:03:56.530Z,sibyl_graph_build,0, Tesla V100-PCIE-32GB, 0, 0, 0, 32768, 25.64, 250.00, 29, 135
2026-08-07T12:03:57.573Z,sibyl_graph_build,0, Tesla V100-PCIE-32GB, 0, 0, 0, 32768, 25.64, 250.00, 29, 135
2026-08-07T12:03:58.619Z,sibyl_graph_build,0, Tesla V100-PCIE-32GB, 0, 0, 0, 32768, 25.64, 250.00, 29, 135
2026-08-07T12:03:59.658Z,sibyl_graph_build,0, Tesla V100-PCIE-32GB, 0, 0, 0, 32768, 25.64, 250.00, 29, 135
2026-08-07T12:04:00.700Z,sibyl_graph_build,0, Tesla V100-PCIE-32GB, 0, 0, 0, 32768, 25.63, 250.00, 29, 135
2026-08-07T12:04:01.744Z,sibyl_graph_build,0, Tesla V100-PCIE-32GB, 0, 0, 0, 32768, 25.64, 250.00, 29, 135
2026-08-07T12:04:02.789Z,sibyl_graph_build,0, Tesla V100-PCIE-32GB, 0, 0, 0, 32768, 25.64, 250.00, 29, 135
2026-08-07T12:04:03.832Z,sibyl_graph_build,0, Tesla V100-PCIE-32GB, 0, 0, 0, 32768, 25.64, 250.00, 29, 135
2026-08-07T12:04:04.872Z,sibyl_graph_build,0, Tesla V100-PCIE-32GB, 0, 0, 0, 32768, 25.64, 250.00, 29, 135
2026-08-07T12:04:05.919Z,sibyl_graph_build,0, Tesla V100-PCIE-32GB, 0, 0, 0, 32768, 25.64, 250.00, 29, 135
2026-08-07T12:04:06.957Z,sibyl_graph_build,0, Tesla V100-PCIE-32GB, 0, 0, 0, 32768, 25.64, 250.00, 29, 135
2026-08-07T12:04:08.001Z,sibyl_graph_build,0, Tesla V100-PCIE-32GB, 0, 0, 0, 32768, 25.64, 250.00, 29, 135
2026-08-07T12:04:09.046Z,sibyl_graph_build,0, Tesla V100-PCIE-32GB, 0, 0, 0, 32768, 25.63, 250.00, 29, 135
2026-08-07T12:04:10.091Z,sibyl_graph_build,0, Tesla V100-PCIE-32GB, 0, 0, 0, 32768, 25.64, 250.00, 29, 135
2026-08-07T12:04:11.132Z,sibyl_graph_build,0, Tesla V100-PCIE-32GB, 0, 0, 0, 32768, 25.64, 250.00, 29, 135
2026-08-07T12:04:12.172Z,sibyl_graph_build,0, Tesla V100-PCIE-32GB, 0, 0, 0, 32768, 25.64, 250.00, 29, 135
2026-08-07T12:04:13.217Z,sibyl_graph_build,0, Tesla V100-PCIE-32GB, 0, 0, 0, 32768, 25.64, 250.00, 29, 135
2026-08-07T12:04:14.257Z,sibyl_graph_build,0, Tesla V100-PCIE-32GB, 0, 0, 0, 32768, 25.63, 250.00, 29, 135
2026-08-07T12:04:15.295Z,sibyl_graph_build,0, Tesla V100-PCIE-32GB, 0, 0, 0, 32768, 25.64, 250.00, 29, 135
2026-08-07T12:04:16.341Z,sibyl_graph_build,0, Tesla V100-PCIE-32GB, 0, 0, 0, 32768, 25.55, 250.00, 29, 135
2026-08-07T12:04:17.380Z,sibyl_graph_build,0, Tesla V100-PCIE-32GB, 0, 0, 0, 32768, 25.64, 250.00, 29, 135
2026-08-07T12:04:18.423Z,sibyl_graph_build,0, Tesla V100-PCIE-32GB, 0, 0, 0, 32768, 25.64, 250.00, 29, 135
2026-08-07T12:04:19.462Z,sibyl_graph_build,0, Tesla V100-PCIE-32GB, 0, 0, 0, 32768, 25.63, 250.00, 29, 135
2026-08-07T12:04:20.513Z,sibyl_graph_build,0, Tesla V100-PCIE-32GB, 0, 0, 0, 32768, 25.64, 250.00, 29, 135
2026-08-07T12:04:21.551Z,sibyl_graph_build,0, Tesla V100-PCIE-32GB, 0, 0, 0, 32768, 25.55, 250.00, 29, 135
2026-08-07T12:04:22.590Z,sibyl_graph_build,0, Tesla V100-PCIE-32GB, 0, 0, 0, 32768, 25.64, 250.00, 29, 135
2026-08-07T12:04:23.632Z,sibyl_graph_build,0, Tesla V100-PCIE-32GB, 0, 0, 0, 32768, 25.55, 250.00, 29, 135
2026-08-07T12:04:24.674Z,sibyl_graph_build,0, Tesla V100-PCIE-32GB, 0, 0, 0, 32768, 25.63, 250.00, 29, 135
2026-08-07T12:04:25.717Z,sibyl_graph_build,0, Tesla V100-PCIE-32GB, 0, 0, 0, 32768, 25.64, 250.00, 29, 135
2026-08-07T12:04:26.757Z,sibyl_graph_build,0, Tesla V100-PCIE-32GB, 0, 0, 0, 32768, 25.64, 250.00, 29, 135
2026-08-07T12:04:27.798Z,sibyl_graph_build,0, Tesla V100-PCIE-32GB, 0, 0, 0, 32768, 25.64, 250.00, 29, 135
2026-08-07T12:04:28.842Z,sibyl_graph_build,0, Tesla V100-PCIE-32GB, 0, 0, 0, 32768, 25.55, 250.00, 29, 135
2026-08-07T12:04:29.883Z,sibyl_graph_build,0, Tesla V100-PCIE-32GB, 0, 0, 0, 32768, 25.55, 250.00, 29, 135
2026-08-07T12:04:30.927Z,sibyl_graph_build,0, Tesla V100-PCIE-32GB, 0, 0, 0, 32768, 25.64, 250.00, 29, 135
2026-08-07T12:04:31.968Z,sibyl_graph_build,0, Tesla V100-PCIE-32GB, 0, 0, 0, 32768, 25.64, 250.00, 29, 135
2026-08-07T12:04:33.019Z,sibyl_graph_build,0, Tesla V100-PCIE-32GB, 0, 0, 0, 32768, 25.63, 250.00, 29, 135
2026-08-07T12:04:34.063Z,sibyl_graph_build,0, Tesla V100-PCIE-32GB, 0, 0, 0, 32768, 25.64, 250.00, 29, 135
2026-08-07T12:04:35.116Z,sibyl_graph_build,0, Tesla V100-PCIE-32GB, 0, 0, 0, 32768, 25.55, 250.00, 29, 135
2026-08-07T12:04:36.154Z,sibyl_graph_build,0, Tesla V100-PCIE-32GB, 0, 0, 0, 32768, 25.55, 250.00, 29, 135
2026-08-07T12:04:37.196Z,sibyl_graph_build,0, Tesla V100-PCIE-32GB, 0, 0, 0, 32768, 25.64, 250.00, 29, 135
2026-08-07T12:04:38.241Z,sibyl_graph_build,0, Tesla V100-PCIE-32GB, 0, 0, 0, 32768, 25.63, 250.00, 29, 135
2026-08-07T12:04:39.285Z,sibyl_graph_build,0, Tesla V100-PCIE-32GB, 0, 0, 0, 32768, 25.64, 250.00, 29, 135
2026-08-07T12:04:40.329Z,sibyl_graph_build,0, Tesla V100-PCIE-32GB, 0, 0, 0, 32768, 25.55, 250.00, 29, 135
2026-08-07T12:04:41.369Z,sibyl_graph_build,0, Tesla V100-PCIE-32GB, 0, 0, 0, 32768, 25.64, 250.00, 29, 135
2026-08-07T12:04:42.423Z,sibyl_graph_build,0, Tesla V100-PCIE-32GB, 0, 0, 0, 32768, 25.55, 250.00, 29, 135
2026-08-07T12:04:43.468Z,sibyl_graph_build,0, Tesla V100-PCIE-32GB, 0, 0, 0, 32768, 25.63, 250.00, 29, 135
2026-08-07T12:04:44.514Z,sibyl_graph_build,0, Tesla V100-PCIE-32GB, 0, 0, 0, 32768, 25.55, 250.00, 29, 135
2026-08-07T12:04:45.555Z,sibyl_graph_build,0, Tesla V100-PCIE-32GB, 0, 0, 0, 32768, 25.55, 250.00, 29, 135
2026-08-07T12:04:46.596Z,sibyl_graph_build,0, Tesla V100-PCIE-32GB, 0, 0, 0, 32768, 25.64, 250.00, 29, 135
2026-08-07T12:04:47.649Z,sibyl_graph_build,0, Tesla V100-PCIE-32GB, 0, 0, 0, 32768, 25.64, 250.00, 29, 135
2026-08-07T12:04:48.689Z,sibyl_graph_build,0, Tesla V100-PCIE-32GB, 0, 0, 0, 32768, 25.64, 250.00, 29, 135
2026-08-07T12:04:49.732Z,sibyl_graph_build,0, Tesla V100-PCIE-32GB, 0, 0, 0, 32768, 25.64, 250.00, 29, 135
2026-08-07T12:04:50.780Z,sibyl_graph_build,0, Tesla V100-PCIE-32GB, 0, 0, 0, 32768, 25.64, 250.00, 29, 135
2026-08-07T12:04:51.821Z,sibyl_graph_build,0, Tesla V100-PCIE-32GB, 0, 0, 0, 32768, 25.53, 250.00, 29, 135
2026-08-07T12:04:52.860Z,sibyl_graph_build,0, Tesla V100-PCIE-32GB, 0, 0, 0, 32768, 25.64, 250.00, 29, 135
2026-08-07T12:04:53.909Z,sibyl_graph_build,0, Tesla V100-PCIE-32GB, 0, 0, 0, 32768, 25.64, 250.00, 29, 135
2026-08-07T12:04:54.954Z,sibyl_graph_build,0, Tesla V100-PCIE-32GB, 0, 0, 0, 32768, 25.64, 250.00, 29, 135
2026-08-07T12:04:55.998Z,sibyl_graph_build,0, Tesla V100-PCIE-32GB, 0, 0, 0, 32768, 25.55, 250.00, 29, 135
2026-08-07T12:04:57.045Z,sibyl_graph_build,0, Tesla V100-PCIE-32GB, 0, 0, 0, 32768, 25.53, 250.00, 29, 135
2026-08-07T12:04:58.083Z,sibyl_graph_build,0, Tesla V100-PCIE-32GB, 0, 0, 0, 32768, 25.55, 250.00, 29, 135
2026-08-07T12:04:59.124Z,sibyl_graph_build,0, Tesla V100-PCIE-32GB, 0, 0, 0, 32768, 25.64, 250.00, 29, 135
2026-08-07T12:05:00.168Z,sibyl_graph_build,0, Tesla V100-PCIE-32GB, 0, 0, 0, 32768, 25.64, 250.00, 29, 135
2026-08-07T12:05:01.221Z,sibyl_graph_build,0, Tesla V100-PCIE-32GB, 0, 0, 0, 32768, 25.64, 250.00, 29, 135
2026-08-07T12:05:02.258Z,sibyl_graph_build,0, Tesla V100-PCIE-32GB, 0, 0, 0, 32768, 25.63, 250.00, 29, 135
2026-08-07T12:05:03.296Z,sibyl_graph_build,0, Tesla V100-PCIE-32GB, 0, 0, 0, 32768, 25.64, 250.00, 29, 135
2026-08-07T12:05:04.340Z,sibyl_graph_build,0, Tesla V100-PCIE-32GB, 0, 0, 0, 32768, 25.64, 250.00, 29, 135
2026-08-07T12:05:05.379Z,sibyl_graph_build,0, Tesla V100-PCIE-32GB, 0, 0, 0, 32768, 25.53, 250.00, 29, 135
2026-08-07T12:05:06.419Z,sibyl_graph_build,0, Tesla V100-PCIE-32GB, 0, 0, 0, 32768, 25.64, 250.00, 29, 135
2026-08-07T12:05:07.460Z,sibyl_graph_build,0, Tesla V100-PCIE-32GB, 0, 0, 0, 32768, 25.64, 250.00, 29, 135
2026-08-07T12:05:08.507Z,sibyl_graph_build,0, Tesla V100-PCIE-32GB, 0, 0, 0, 32768, 25.64, 250.00, 29, 135
2026-08-07T12:05:09.546Z,sibyl_graph_build,0, Tesla V100-PCIE-32GB, 0, 0, 0, 32768, 25.64, 250.00, 29, 135
2026-08-07T12:05:10.585Z,sibyl_graph_build,0, Tesla V100-PCIE-32GB, 0, 0, 0, 32768, 25.53, 250.00, 29, 135
2026-08-07T12:05:11.631Z,sibyl_graph_build,0, Tesla V100-PCIE-32GB, 0, 0, 0, 32768, 25.64, 250.00, 29, 135
2026-08-07T12:05:12.671Z,sibyl_graph_build,0, Tesla V100-PCIE-32GB, 0, 0, 0, 32768, 25.55, 250.00, 29, 135
2026-08-07T12:05:13.716Z,sibyl_graph_build,0, Tesla V100-PCIE-32GB, 0, 0, 0, 32768, 25.64, 250.00, 29, 135
2026-08-07T12:05:14.755Z,sibyl_graph_build,0, Tesla V100-PCIE-32GB, 0, 0, 0, 32768, 25.64, 250.00, 29, 135
2026-08-07T12:05:15.797Z,sibyl_graph_build,0, Tesla V100-PCIE-32GB, 0, 0, 0, 32768, 25.63, 250.00, 29, 135
2026-08-07T12:05:16.843Z,sibyl_graph_build,0, Tesla V100-PCIE-32GB, 0, 0, 0, 32768, 25.55, 250.00, 29, 135
2026-08-07T12:05:17.883Z,sibyl_graph_build,0, Tesla V100-PCIE-32GB, 0, 0, 0, 32768, 25.55, 250.00, 29, 135
2026-08-07T12:05:18.927Z,sibyl_graph_build,0, Tesla V100-PCIE-32GB, 0, 0, 0, 32768, 25.63, 250.00, 29, 135
2026-08-07T12:05:19.969Z,sibyl_graph_build,0, Tesla V100-PCIE-32GB, 0, 0, 0, 32768, 25.64, 250.00, 29, 135
2026-08-07T12:05:21.020Z,sibyl_graph_build,0, Tesla V100-PCIE-32GB, 0, 0, 0, 32768, 25.64, 250.00, 29, 135
2026-08-07T12:05:22.060Z,sibyl_graph_build,0, Tesla V100-PCIE-32GB, 0, 0, 0, 32768, 25.64, 250.00, 29, 135
2026-08-07T12:05:23.098Z,sibyl_graph_build,0, Tesla V100-PCIE-32GB, 0, 0, 0, 32768, 25.55, 250.00, 29, 135
2026-08-07T12:05:24.141Z,sibyl_graph_build,0, Tesla V100-PCIE-32GB, 0, 0, 0, 32768, 25.63, 250.00, 29, 135
2026-08-07T12:05:25.182Z,sibyl_graph_build,0, Tesla V100-PCIE-32GB, 0, 0, 0, 32768, 25.64, 250.00, 29, 135
2026-08-07T12:05:26.226Z,sibyl_graph_build,0, Tesla V100-PCIE-32GB, 0, 0, 0, 32768, 25.64, 250.00, 29, 135
2026-08-07T12:05:27.266Z,sibyl_graph_build,0, Tesla V100-PCIE-32GB, 0, 0, 0, 32768, 25.64, 250.00, 29, 135
2026-08-07T12:05:28.311Z,sibyl_graph_build,0, Tesla V100-PCIE-32GB, 0, 0, 0, 32768, 25.64, 250.00, 29, 135
2026-08-07T12:05:29.350Z,sibyl_graph_build,0, Tesla V100-PCIE-32GB, 0, 0, 0, 32768, 25.63, 250.00, 29, 135
2026-08-07T12:05:30.391Z,sibyl_graph_build,0, Tesla V100-PCIE-32GB, 0, 0, 0, 32768, 25.45, 250.00, 29, 135
2026-08-07T12:05:31.438Z,sibyl_graph_build,0, Tesla V100-PCIE-32GB, 0, 0, 0, 32768, 25.64, 250.00, 29, 135
2026-08-07T12:05:32.476Z,sibyl_graph_build,0, Tesla V100-PCIE-32GB, 0, 0, 0, 32768, 25.53, 250.00, 29, 135
2026-08-07T12:05:33.519Z,sibyl_graph_build,0, Tesla V100-PCIE-32GB, 0, 0, 0, 32768, 25.64, 250.00, 29, 135
2026-08-07T12:05:34.559Z,sibyl_graph_build,0, Tesla V100-PCIE-32GB, 0, 0, 0, 32768, 25.55, 250.00, 29, 135
2026-08-07T12:05:35.601Z,sibyl_graph_build,0, Tesla V100-PCIE-32GB, 0, 0, 0, 32768, 25.64, 250.00, 29, 135
2026-08-07T12:05:36.645Z,sibyl_graph_build,0, Tesla V100-PCIE-32GB, 0, 0, 0, 32768, 25.55, 250.00, 29, 135
2026-08-07T12:05:37.685Z,sibyl_graph_build,0, Tesla V100-PCIE-32GB, 0, 0, 0, 32768, 25.53, 250.00, 29, 135
2026-08-07T12:05:38.729Z,sibyl_graph_build,0, Tesla V100-PCIE-32GB, 0, 0, 0, 32768, 25.55, 250.00, 29, 135
2026-08-07T12:05:39.771Z,sibyl_graph_build,0, Tesla V100-PCIE-32GB, 0, 0, 0, 32768, 25.55, 250.00, 29, 135
2026-08-07T12:05:40.818Z,sibyl_graph_build,0, Tesla V100-PCIE-32GB, 0, 0, 0, 32768, 25.64, 250.00, 29, 135
2026-08-07T12:05:41.861Z,sibyl_graph_build,0, Tesla V100-PCIE-32GB, 0, 0, 0, 32768, 25.55, 250.00, 29, 135
2026-08-07T12:05:42.900Z,sibyl_graph_build,0, Tesla V100-PCIE-32GB, 0, 0, 0, 32768, 25.53, 250.00, 29, 135
2026-08-07T12:05:43.952Z,sibyl_graph_build,0, Tesla V100-PCIE-32GB, 0, 0, 0, 32768, 25.64, 250.00, 29, 135
2026-08-07T12:05:44.999Z,sibyl_graph_build,0, Tesla V100-PCIE-32GB, 0, 0, 0, 32768, 25.64, 250.00, 29, 135
2026-08-07T12:05:46.045Z,sibyl_graph_build,0, Tesla V100-PCIE-32GB, 0, 0, 0, 32768, 25.64, 250.00, 29, 135
2026-08-07T12:05:47.087Z,sibyl_graph_build,0, Tesla V100-PCIE-32GB, 0, 0, 0, 32768, 25.45, 250.00, 29, 135
2026-08-07T12:05:48.135Z,sibyl_graph_build,0, Tesla V100-PCIE-32GB, 0, 0, 0, 32768, 25.64, 250.00, 29, 135
2026-08-07T12:05:49.175Z,sibyl_graph_build,0, Tesla V100-PCIE-32GB, 0, 0, 0, 32768, 25.55, 250.00, 29, 135
2026-08-07T12:05:50.218Z,sibyl_graph_build,0, Tesla V100-PCIE-32GB, 0, 0, 0, 32768, 25.45, 250.00, 29, 135
2026-08-07T12:05:51.256Z,sibyl_graph_build,0, Tesla V100-PCIE-32GB, 0, 0, 0, 32768, 25.53, 250.00, 29, 135
2026-08-07T12:05:52.298Z,sibyl_graph_build,0, Tesla V100-PCIE-32GB, 0, 0, 0, 32768, 25.64, 250.00, 29, 135
2026-08-07T12:05:53.339Z,sibyl_graph_build,0, Tesla V100-PCIE-32GB, 0, 0, 0, 32768, 25.64, 250.00, 29, 135
2026-08-07T12:05:54.384Z,sibyl_graph_build,0, Tesla V100-PCIE-32GB, 0, 0, 0, 32768, 25.64, 250.00, 29, 135
2026-08-07T12:05:55.431Z,sibyl_graph_build,0, Tesla V100-PCIE-32GB, 0, 0, 0, 32768, 25.64, 250.00, 29, 135
2026-08-07T12:05:56.468Z,sibyl_graph_build,0, Tesla V100-PCIE-32GB, 0, 0, 0, 32768, 25.63, 250.00, 29, 135
2026-08-07T12:05:57.519Z,sibyl_graph_build,0, Tesla V100-PCIE-32GB, 0, 0, 0, 32768, 25.64, 250.00, 29, 135
2026-08-07T12:05:58.563Z,sibyl_graph_build,0, Tesla V100-PCIE-32GB, 0, 0, 0, 32768, 25.64, 250.00, 29, 135
2026-08-07T12:05:59.606Z,sibyl_graph_build,0, Tesla V100-PCIE-32GB, 0, 0, 0, 32768, 25.64, 250.00, 29, 135
2026-08-07T12:06:00.650Z,sibyl_graph_build,0, Tesla V100-PCIE-32GB, 0, 0, 0, 32768, 25.64, 250.00, 29, 135
2026-08-07T12:06:01.691Z,sibyl_graph_build,0, Tesla V100-PCIE-32GB, 0, 0, 0, 32768, 25.64, 250.00, 29, 135
2026-08-07T12:06:02.740Z,sibyl_graph_build,0, Tesla V100-PCIE-32GB, 0, 0, 0, 32768, 25.55, 250.00, 29, 135
2026-08-07T12:06:03.777Z,sibyl_graph_build,0, Tesla V100-PCIE-32GB, 0, 0, 0, 32768, 25.55, 250.00, 29, 135
2026-08-07T12:06:04.818Z,sibyl_graph_build,0, Tesla V100-PCIE-32GB, 0, 0, 0, 32768, 25.63, 250.00, 29, 135
2026-08-07T12:06:05.863Z,sibyl_graph_build,0, Tesla V100-PCIE-32GB, 0, 0, 0, 32768, 25.55, 250.00, 29, 135
2026-08-07T12:06:06.914Z,sibyl_graph_build,0, Tesla V100-PCIE-32GB, 0, 0, 0, 32768, 25.64, 250.00, 29, 135
2026-08-07T12:06:07.952Z,sibyl_graph_build,0, Tesla V100-PCIE-32GB, 0, 0, 0, 32768, 25.54, 250.00, 29, 135
2026-08-07T12:06:08.990Z,sibyl_graph_build,0, Tesla V100-PCIE-32GB, 0, 0, 0, 32768, 25.64, 250.00, 29, 135
2026-08-07T12:06:10.033Z,sibyl_graph_build,0, Tesla V100-PCIE-32GB, 0, 0, 0, 32768, 25.63, 250.00, 29, 135
2026-08-07T12:06:11.072Z,sibyl_graph_build,0, Tesla V100-PCIE-32GB, 0, 0, 0, 32768, 25.64, 250.00, 29, 135
2026-08-07T12:06:12.117Z,sibyl_graph_build,0, Tesla V100-PCIE-32GB, 0, 0, 0, 32768, 25.64, 250.00, 29, 135
2026-08-07T12:06:13.161Z,sibyl_graph_build,0, Tesla V100-PCIE-32GB, 0, 0, 0, 32768, 25.63, 250.00, 29, 135
2026-08-07T12:06:14.212Z,sibyl_graph_build,0, Tesla V100-PCIE-32GB, 0, 0, 0, 32768, 25.55, 250.00, 29, 135
2026-08-07T12:06:15.251Z,sibyl_graph_build,0, Tesla V100-PCIE-32GB, 0, 0, 0, 32768, 25.55, 250.00, 29, 135
2026-08-07T12:06:16.290Z,sibyl_graph_build,0, Tesla V100-PCIE-32GB, 0, 0, 0, 32768, 25.55, 250.00, 29, 135
2026-08-07T12:06:17.335Z,sibyl_graph_build,0, Tesla V100-PCIE-32GB, 0, 0, 0, 32768, 25.64, 250.00, 29, 135
2026-08-07T12:06:18.377Z,sibyl_graph_build,0, Tesla V100-PCIE-32GB, 0, 0, 0, 32768, 25.63, 250.00, 29, 135
2026-08-07T12:06:19.419Z,sibyl_graph_build,0, Tesla V100-PCIE-32GB, 0, 0, 0, 32768, 25.55, 250.00, 29, 135
2026-08-07T12:06:20.458Z,sibyl_graph_build,0, Tesla V100-PCIE-32GB, 0, 0, 0, 32768, 25.55, 250.00, 29, 135
2026-08-07T12:06:21.501Z,sibyl_graph_build,0, Tesla V100-PCIE-32GB, 0, 0, 0, 32768, 25.64, 250.00, 29, 135
2026-08-07T12:06:22.545Z,sibyl_graph_build,0, Tesla V100-PCIE-32GB, 0, 0, 0, 32768, 25.64, 250.00, 29, 135
2026-08-07T12:06:23.584Z,sibyl_graph_build,0, Tesla V100-PCIE-32GB, 0, 0, 0, 32768, 25.64, 250.00, 29, 135
2026-08-07T12:06:24.629Z,sibyl_graph_build,0, Tesla V100-PCIE-32GB, 0, 0, 0, 32768, 25.64, 250.00, 29, 135
2026-08-07T12:06:25.669Z,sibyl_graph_build,0, Tesla V100-PCIE-32GB, 0, 0, 0, 32768, 25.64, 250.00, 29, 135
2026-08-07T12:06:26.720Z,sibyl_graph_build,0, Tesla V100-PCIE-32GB, 0, 0, 0, 32768, 25.64, 250.00, 29, 135
2026-08-07T12:06:27.758Z,sibyl_graph_build,0, Tesla V100-PCIE-32GB, 0, 0, 0, 32768, 25.55, 250.00, 29, 135
2026-08-07T12:06:28.801Z,sibyl_graph_build,0, Tesla V100-PCIE-32GB, 0, 0, 0, 32768, 25.55, 250.00, 29, 135
2026-08-07T12:06:29.842Z,sibyl_graph_build,0, Tesla V100-PCIE-32GB, 0, 0, 0, 32768, 25.64, 250.00, 29, 135
2026-08-07T12:06:30.882Z,sibyl_graph_build,0, Tesla V100-PCIE-32GB, 0, 0, 0, 32768, 25.64, 250.00, 29, 135
2026-08-07T12:06:31.927Z,sibyl_graph_build,0, Tesla V100-PCIE-32GB, 0, 0, 0, 32768, 25.63, 250.00, 29, 135
2026-08-07T12:06:32.968Z,sibyl_graph_build,0, Tesla V100-PCIE-32GB, 0, 0, 0, 32768, 25.64, 250.00, 29, 135
2026-08-07T12:06:34.018Z,sibyl_graph_build,0, Tesla V100-PCIE-32GB, 0, 0, 0, 32768, 25.64, 250.00, 29, 135
2026-08-07T12:06:35.061Z,sibyl_graph_build,0, Tesla V100-PCIE-32GB, 0, 0, 0, 32768, 25.64, 250.00, 29, 135
2026-08-07T12:06:36.111Z,sibyl_graph_build,0, Tesla V100-PCIE-32GB, 0, 0, 0, 32768, 25.64, 250.00, 29, 135
2026-08-07T12:06:37.151Z,sibyl_graph_build,0, Tesla V100-PCIE-32GB, 0, 0, 0, 32768, 25.63, 250.00, 29, 135
2026-08-07T12:06:38.191Z,sibyl_graph_build,0, Tesla V100-PCIE-32GB, 0, 0, 0, 32768, 25.64, 250.00, 29, 135
2026-08-07T12:06:39.231Z,sibyl_graph_build,0, Tesla V100-PCIE-32GB, 0, 0, 0, 32768, 25.64, 250.00, 29, 135
2026-08-07T12:06:40.272Z,sibyl_graph_build,0, Tesla V100-PCIE-32GB, 0, 0, 0, 32768, 25.64, 250.00, 29, 135
2026-08-07T12:06:41.319Z,sibyl_graph_build,0, Tesla V100-PCIE-32GB, 0, 0, 0, 32768, 25.55, 250.00, 29, 135
2026-08-07T12:06:42.360Z,sibyl_graph_build,0, Tesla V100-PCIE-32GB, 0, 0, 0, 32768, 25.55, 250.00, 29, 135
2026-08-07T12:06:43.398Z,sibyl_graph_build,0, Tesla V100-PCIE-32GB, 0, 0, 0, 32768, 25.64, 250.00, 29, 135
2026-08-07T12:06:44.440Z,sibyl_graph_build,0, Tesla V100-PCIE-32GB, 0, 0, 0, 32768, 25.64, 250.00, 29, 135
2026-08-07T12:06:45.486Z,sibyl_graph_build,0, Tesla V100-PCIE-32GB, 0, 0, 0, 32768, 25.63, 250.00, 29, 135
2026-08-07T12:06:46.533Z,sibyl_graph_build,0, Tesla V100-PCIE-32GB, 0, 0, 0, 32768, 25.64, 250.00, 29, 135
2026-08-07T12:06:47.572Z,sibyl_graph_build,0, Tesla V100-PCIE-32GB, 0, 0, 0, 32768, 25.64, 250.00, 29, 135
2026-08-07T12:06:48.623Z,sibyl_graph_build,0, Tesla V100-PCIE-32GB, 0, 0, 0, 32768, 25.64, 250.00, 29, 135
2026-08-07T12:06:49.666Z,sibyl_graph_build,0, Tesla V100-PCIE-32GB, 0, 0, 0, 32768, 25.64, 250.00, 29, 135
2026-08-07T12:06:50.716Z,sibyl_graph_build,0, Tesla V100-PCIE-32GB, 0, 0, 0, 32768, 25.53, 250.00, 29, 135
2026-08-07T12:06:51.755Z,sibyl_graph_build,0, Tesla V100-PCIE-32GB, 0, 0, 0, 32768, 25.64, 250.00, 29, 135
2026-08-07T12:06:52.793Z,sibyl_graph_build,0, Tesla V100-PCIE-32GB, 0, 0, 0, 32768, 25.64, 250.00, 29, 135
2026-08-07T12:06:53.848Z,sibyl_graph_build,0, Tesla V100-PCIE-32GB, 0, 0, 0, 32768, 25.64, 250.00, 29, 135
2026-08-07T12:06:54.894Z,sibyl_graph_build,0, Tesla V100-PCIE-32GB, 0, 0, 0, 32768, 25.55, 250.00, 29, 135
2026-08-07T12:06:55.938Z,sibyl_graph_build,0, Tesla V100-PCIE-32GB, 0, 0, 0, 32768, 25.64, 250.00, 29, 135
2026-08-07T12:06:56.982Z,sibyl_graph_build,0, Tesla V100-PCIE-32GB, 0, 0, 0, 32768, 25.64, 250.00, 29, 135
2026-08-07T12:06:58.028Z,sibyl_graph_build,0, Tesla V100-PCIE-32GB, 0, 0, 0, 32768, 25.55, 250.00, 29, 135
2026-08-07T12:06:59.069Z,sibyl_graph_build,0, Tesla V100-PCIE-32GB, 0, 0, 0, 32768, 25.62, 250.00, 29, 135
2026-08-07T12:07:00.116Z,sibyl_graph_build,0, Tesla V100-PCIE-32GB, 0, 0, 0, 32768, 25.55, 250.00, 29, 135
2026-08-07T12:07:01.159Z,sibyl_graph_build,0, Tesla V100-PCIE-32GB, 0, 0, 0, 32768, 25.64, 250.00, 29, 135
2026-08-07T12:07:02.199Z,sibyl_graph_build,0, Tesla V100-PCIE-32GB, 0, 0, 0, 32768, 25.55, 250.00, 29, 135
2026-08-07T12:07:03.245Z,sibyl_graph_build,0, Tesla V100-PCIE-32GB, 0, 0, 0, 32768, 25.55, 250.00, 29, 135
2026-08-07T12:07:04.285Z,sibyl_graph_build,0, Tesla V100-PCIE-32GB, 0, 0, 0, 32768, 25.53, 250.00, 29, 135
2026-08-07T12:07:05.328Z,sibyl_graph_build,0, Tesla V100-PCIE-32GB, 0, 0, 0, 32768, 25.55, 250.00, 29, 135
2026-08-07T12:07:06.368Z,sibyl_graph_build,0, Tesla V100-PCIE-32GB, 0, 0, 0, 32768, 25.55, 250.00, 29, 135
2026-08-07T12:07:07.420Z,sibyl_graph_build,0, Tesla V100-PCIE-32GB, 0, 0, 0, 32768, 25.55, 250.00, 29, 135
2026-08-07T12:07:08.461Z,sibyl_graph_build,0, Tesla V100-PCIE-32GB, 0, 0, 0, 32768, 25.55, 250.00, 29, 135
2026-08-07T12:07:09.508Z,sibyl_graph_build,0, Tesla V100-PCIE-32GB, 0, 0, 0, 32768, 25.53, 250.00, 29, 135
2026-08-07T12:07:10.545Z,sibyl_graph_build,0, Tesla V100-PCIE-32GB, 0, 0, 0, 32768, 25.55, 250.00, 29, 135
2026-08-07T12:07:11.585Z,sibyl_graph_build,0, Tesla V100-PCIE-32GB, 0, 0, 0, 32768, 25.55, 250.00, 29, 135
2026-08-07T12:07:12.631Z,sibyl_graph_build,0, Tesla V100-PCIE-32GB, 0, 0, 0, 32768, 25.53, 250.00, 29, 135
2026-08-07T12:07:13.672Z,sibyl_graph_build,0, Tesla V100-PCIE-32GB, 0, 0, 0, 32768, 25.55, 250.00, 29, 135
2026-08-07T12:07:14.716Z,sibyl_graph_build,0, Tesla V100-PCIE-32GB, 0, 0, 0, 32768, 25.55, 250.00, 29, 135
2026-08-07T12:07:15.754Z,sibyl_graph_build,0, Tesla V100-PCIE-32GB, 0, 0, 0, 32768, 25.64, 250.00, 29, 135
2026-08-07T12:07:16.794Z,sibyl_graph_build,0, Tesla V100-PCIE-32GB, 0, 0, 0, 32768, 25.64, 250.00, 29, 135
2026-08-07T12:07:17.841Z,sibyl_graph_build,0, Tesla V100-PCIE-32GB, 0, 0, 0, 32768, 25.63, 250.00, 29, 135
2026-08-07T12:07:18.881Z,sibyl_graph_build,0, Tesla V100-PCIE-32GB, 0, 0, 0, 32768, 25.64, 250.00, 29, 135
2026-08-07T12:07:19.927Z,sibyl_graph_build,0, Tesla V100-PCIE-32GB, 0, 0, 0, 32768, 25.55, 250.00, 29, 135
2026-08-07T12:07:20.966Z,sibyl_graph_build,0, Tesla V100-PCIE-32GB, 0, 0, 0, 32768, 25.64, 250.00, 29, 135
2026-08-07T12:07:22.014Z,sibyl_graph_build,0, Tesla V100-PCIE-32GB, 0, 0, 0, 32768, 25.55, 250.00, 29, 135
2026-08-07T12:07:23.053Z,sibyl_graph_build,0, Tesla V100-PCIE-32GB, 0, 0, 0, 32768, 25.53, 250.00, 29, 135
2026-08-07T12:07:24.094Z,sibyl_graph_build,0, Tesla V100-PCIE-32GB, 0, 0, 0, 32768, 25.55, 250.00, 29, 135
2026-08-07T12:07:25.132Z,sibyl_graph_build,0, Tesla V100-PCIE-32GB, 0, 0, 0, 32768, 25.55, 250.00, 29, 135
2026-08-07T12:07:26.172Z,sibyl_graph_build,0, Tesla V100-PCIE-32GB, 0, 0, 0, 32768, 25.64, 250.00, 29, 135
2026-08-07T12:07:27.218Z,sibyl_graph_build,0, Tesla V100-PCIE-32GB, 0, 0, 0, 32768, 25.55, 250.00, 29, 135
2026-08-07T12:07:28.258Z,sibyl_graph_build,0, Tesla V100-PCIE-32GB, 0, 0, 0, 32768, 25.55, 250.00, 29, 135
2026-08-07T12:07:29.298Z,sibyl_graph_build,0, Tesla V100-PCIE-32GB, 0, 0, 0, 32768, 25.64, 250.00, 29, 135
2026-08-07T12:07:30.338Z,sibyl_graph_build,0, Tesla V100-PCIE-32GB, 0, 0, 0, 32768, 25.55, 250.00, 29, 135
2026-08-07T12:07:31.381Z,sibyl_graph_build,0, Tesla V100-PCIE-32GB, 0, 0, 0, 32768, 25.64, 250.00, 29, 135
2026-08-07T12:07:32.429Z,sibyl_graph_build,0, Tesla V100-PCIE-32GB, 0, 0, 0, 32768, 25.54, 250.00, 29, 135
2026-08-07T12:07:33.468Z,sibyl_graph_build,0, Tesla V100-PCIE-32GB, 0, 0, 0, 32768, 25.64, 250.00, 29, 135
2026-08-07T12:07:34.505Z,sibyl_graph_build,0, Tesla V100-PCIE-32GB, 0, 0, 0, 32768, 25.64, 250.00, 29, 135
2026-08-07T12:07:35.549Z,sibyl_graph_build,0, Tesla V100-PCIE-32GB, 0, 0, 0, 32768, 25.64, 250.00, 29, 135
2026-08-07T12:07:36.591Z,sibyl_graph_build,0, Tesla V100-PCIE-32GB, 0, 0, 0, 32768, 25.63, 250.00, 29, 135
2026-08-07T12:07:37.639Z,sibyl_graph_build,0, Tesla V100-PCIE-32GB, 0, 0, 0, 32768, 25.55, 250.00, 29, 135
2026-08-07T12:07:38.679Z,sibyl_graph_build,0, Tesla V100-PCIE-32GB, 0, 0, 0, 32768, 25.64, 250.00, 29, 135
2026-08-07T12:07:39.725Z,sibyl_graph_build,0, Tesla V100-PCIE-32GB, 0, 0, 0, 32768, 25.55, 250.00, 29, 135
2026-08-07T12:07:40.764Z,sibyl_graph_build,0, Tesla V100-PCIE-32GB, 0, 0, 0, 32768, 25.64, 250.00, 29, 135
2026-08-07T12:07:41.814Z,sibyl_graph_build,0, Tesla V100-PCIE-32GB, 0, 0, 0, 32768, 25.63, 250.00, 29, 135
2026-08-07T12:07:42.858Z,sibyl_graph_build,0, Tesla V100-PCIE-32GB, 0, 0, 0, 32768, 25.54, 250.00, 29, 135
2026-08-07T12:07:43.900Z,sibyl_graph_build,0, Tesla V100-PCIE-32GB, 0, 0, 0, 32768, 25.55, 250.00, 29, 135
2026-08-07T12:07:44.953Z,sibyl_graph_build,0, Tesla V100-PCIE-32GB, 0, 0, 0, 32768, 25.64, 250.00, 29, 135
2026-08-07T12:07:45.992Z,sibyl_graph_build,0, Tesla V100-PCIE-32GB, 0, 0, 0, 32768, 25.55, 250.00, 29, 135
2026-08-07T12:07:47.039Z,sibyl_graph_build,0, Tesla V100-PCIE-32GB, 0, 0, 0, 32768, 25.53, 250.00, 29, 135
2026-08-07T12:07:48.080Z,sibyl_graph_build,0, Tesla V100-PCIE-32GB, 0, 0, 0, 32768, 25.55, 250.00, 29, 135
2026-08-07T12:07:49.129Z,sibyl_graph_build,0, Tesla V100-PCIE-32GB, 0, 0, 0, 32768, 25.64, 250.00, 29, 135
2026-08-07T12:07:50.169Z,sibyl_graph_build,0, Tesla V100-PCIE-32GB, 0, 0, 0, 32768, 25.53, 250.00, 29, 135
2026-08-07T12:07:51.218Z,sibyl_graph_build,0, Tesla V100-PCIE-32GB, 0, 0, 0, 32768, 25.55, 250.00, 29, 135
2026-08-07T12:07:52.259Z,sibyl_graph_build,0, Tesla V100-PCIE-32GB, 0, 0, 0, 32768, 25.55, 250.00, 29, 135
2026-08-07T12:07:53.297Z,sibyl_graph_build,0, Tesla V100-PCIE-32GB, 0, 0, 0, 32768, 25.64, 250.00, 29, 135
2026-08-07T12:07:54.344Z,sibyl_graph_build,0, Tesla V100-PCIE-32GB, 0, 0, 0, 32768, 25.55, 250.00, 29, 135
2026-08-07T12:07:55.383Z,sibyl_graph_build,0, Tesla V100-PCIE-32GB, 0, 0, 0, 32768, 25.63, 250.00, 29, 135
2026-08-07T12:07:56.427Z,sibyl_graph_build,0, Tesla V100-PCIE-32GB, 0, 0, 0, 32768, 25.64, 250.00, 29, 135
2026-08-07T12:07:57.468Z,sibyl_graph_build,0, Tesla V100-PCIE-32GB, 0, 0, 0, 32768, 25.55, 250.00, 29, 135
2026-08-07T12:07:58.517Z,sibyl_graph_build,0, Tesla V100-PCIE-32GB, 0, 0, 0, 32768, 25.55, 250.00, 29, 135
2026-08-07T12:07:59.557Z,sibyl_graph_build,0, Tesla V100-PCIE-32GB, 0, 0, 0, 32768, 25.55, 250.00, 29, 135
2026-08-07T12:08:00.611Z,sibyl_graph_build,0, Tesla V100-PCIE-32GB, 0, 0, 0, 32768, 25.53, 250.00, 29, 135
2026-08-07T12:08:01.652Z,sibyl_graph_build,0, Tesla V100-PCIE-32GB, 0, 0, 0, 32768, 25.55, 250.00, 29, 135
2026-08-07T12:08:02.695Z,sibyl_graph_build,0, Tesla V100-PCIE-32GB, 0, 0, 0, 32768, 25.55, 250.00, 29, 135
2026-08-07T12:08:03.740Z,sibyl_graph_build,0, Tesla V100-PCIE-32GB, 0, 0, 0, 32768, 25.63, 250.00, 29, 135
2026-08-07T12:08:04.782Z,sibyl_graph_build,0, Tesla V100-PCIE-32GB, 0, 0, 0, 32768, 25.55, 250.00, 29, 135
2026-08-07T12:08:05.832Z,sibyl_graph_build,0, Tesla V100-PCIE-32GB, 0, 0, 0, 32768, 25.55, 250.00, 29, 135
2026-08-07T12:08:06.872Z,sibyl_graph_build,0, Tesla V100-PCIE-32GB, 0, 0, 0, 32768, 25.55, 250.00, 29, 135
2026-08-07T12:08:07.918Z,sibyl_graph_build,0, Tesla V100-PCIE-32GB, 0, 0, 0, 32768, 25.55, 250.00, 29, 135
2026-08-07T12:08:08.962Z,sibyl_graph_build,0, Tesla V100-PCIE-32GB, 0, 0, 0, 32768, 25.53, 250.00, 29, 135
2026-08-07T12:08:10.008Z,sibyl_graph_build,0, Tesla V100-PCIE-32GB, 0, 0, 0, 32768, 25.64, 250.00, 29, 135
2026-08-07T12:08:11.049Z,sibyl_graph_build,0, Tesla V100-PCIE-32GB, 0, 0, 0, 32768, 25.64, 250.00, 29, 135
2026-08-07T12:08:12.095Z,sibyl_graph_build,0, Tesla V100-PCIE-32GB, 0, 0, 0, 32768, 25.55, 250.00, 29, 135
2026-08-07T12:08:13.144Z,sibyl_graph_build,0, Tesla V100-PCIE-32GB, 0, 0, 0, 32768, 25.64, 250.00, 29, 135
2026-08-07T12:08:14.184Z,sibyl_graph_build,0, Tesla V100-PCIE-32GB, 0, 0, 0, 32768, 25.53, 250.00, 29, 135
2026-08-07T12:08:15.231Z,sibyl_graph_build,0, Tesla V100-PCIE-32GB, 0, 0, 0, 32768, 25.64, 250.00, 29, 135
2026-08-07T12:08:16.270Z,sibyl_graph_build,0, Tesla V100-PCIE-32GB, 0, 0, 0, 32768, 25.64, 250.00, 29, 135
2026-08-07T12:08:17.316Z,sibyl_graph_build,0, Tesla V100-PCIE-32GB, 0, 0, 0, 32768, 25.64, 250.00, 29, 135
2026-08-07T12:08:18.355Z,sibyl_graph_build,0, Tesla V100-PCIE-32GB, 0, 0, 0, 32768, 25.55, 250.00, 29, 135
2026-08-07T12:08:19.398Z,sibyl_graph_build,0, Tesla V100-PCIE-32GB, 0, 0, 0, 32768, 25.55, 250.00, 29, 135
2026-08-07T12:08:20.442Z,sibyl_graph_build,0, Tesla V100-PCIE-32GB, 0, 0, 0, 32768, 25.64, 250.00, 29, 135
2026-08-07T12:08:21.482Z,sibyl_graph_build,0, Tesla V100-PCIE-32GB, 0, 0, 0, 32768, 25.64, 250.00, 29, 135
2026-08-07T12:08:22.528Z,sibyl_graph_build,0, Tesla V100-PCIE-32GB, 0, 0, 0, 32768, 25.63, 250.00, 29, 135
2026-08-07T12:08:23.571Z,sibyl_graph_build,0, Tesla V100-PCIE-32GB, 0, 0, 0, 32768, 25.55, 250.00, 29, 135
2026-08-07T12:08:24.615Z,sibyl_graph_build,0, Tesla V100-PCIE-32GB, 0, 0, 0, 32768, 25.64, 250.00, 29, 135
2026-08-07T12:08:25.655Z,sibyl_graph_build,0, Tesla V100-PCIE-32GB, 0, 0, 0, 32768, 25.55, 250.00, 29, 135
2026-08-07T12:08:26.695Z,sibyl_graph_build,0, Tesla V100-PCIE-32GB, 0, 0, 0, 32768, 25.64, 250.00, 29, 135
2026-08-07T12:08:27.738Z,sibyl_graph_build,0, Tesla V100-PCIE-32GB, 0, 0, 0, 32768, 25.63, 250.00, 29, 135
2026-08-07T12:08:28.779Z,sibyl_graph_build,0, Tesla V100-PCIE-32GB, 0, 0, 0, 32768, 25.55, 250.00, 29, 135
2026-08-07T12:08:29.821Z,sibyl_graph_build,0, Tesla V100-PCIE-32GB, 0, 0, 0, 32768, 25.55, 250.00, 29, 135
2026-08-07T12:08:30.866Z,sibyl_graph_build,0, Tesla V100-PCIE-32GB, 0, 0, 0, 32768, 25.55, 250.00, 29, 135
2026-08-07T12:08:31.914Z,sibyl_graph_build,0, Tesla V100-PCIE-32GB, 0, 0, 0, 32768, 25.55, 250.00, 29, 135
2026-08-07T12:08:32.952Z,sibyl_graph_build,0, Tesla V100-PCIE-32GB, 0, 0, 0, 32768, 25.55, 250.00, 29, 135
2026-08-07T12:08:33.991Z,sibyl_graph_build,0, Tesla V100-PCIE-32GB, 0, 0, 0, 32768, 25.55, 250.00, 29, 135
2026-08-07T12:08:35.040Z,sibyl_graph_build,0, Tesla V100-PCIE-32GB, 0, 0, 0, 32768, 25.55, 250.00, 29, 135
2026-08-07T12:08:36.079Z,sibyl_graph_build,0, Tesla V100-PCIE-32GB, 0, 0, 0, 32768, 25.54, 250.00, 29, 135
2026-08-07T12:08:37.137Z,sibyl_graph_build,0, Tesla V100-PCIE-32GB, 0, 0, 0, 32768, 25.64, 250.00, 29, 135
2026-08-07T12:08:38.178Z,sibyl_graph_build,0, Tesla V100-PCIE-32GB, 0, 0, 0, 32768, 25.64, 250.00, 29, 135
2026-08-07T12:08:39.218Z,sibyl_graph_build,0, Tesla V100-PCIE-32GB, 0, 0, 0, 32768, 25.64, 250.00, 29, 135
2026-08-07T12:08:40.263Z,sibyl_graph_build,0, Tesla V100-PCIE-32GB, 0, 0, 0, 32768, 25.64, 250.00, 29, 135
2026-08-07T12:08:41.313Z,sibyl_graph_build,0, Tesla V100-PCIE-32GB, 0, 0, 0, 32768, 25.53, 250.00, 29, 135
2026-08-07T12:08:42.352Z,sibyl_graph_build,0, Tesla V100-PCIE-32GB, 0, 0, 0, 32768, 25.55, 250.00, 29, 135
2026-08-07T12:08:43.391Z,sibyl_graph_build,0, Tesla V100-PCIE-32GB, 0, 0, 0, 32768, 25.55, 250.00, 29, 135
2026-08-07T12:08:44.438Z,sibyl_graph_build,0, Tesla V100-PCIE-32GB, 0, 0, 0, 32768, 25.64, 250.00, 29, 135
2026-08-07T12:08:45.478Z,sibyl_graph_build,0, Tesla V100-PCIE-32GB, 0, 0, 0, 32768, 25.64, 250.00, 29, 135
2026-08-07T12:08:46.519Z,sibyl_graph_build,0, Tesla V100-PCIE-32GB, 0, 0, 0, 32768, 25.55, 250.00, 29, 135
2026-08-07T12:08:47.558Z,sibyl_graph_build,0, Tesla V100-PCIE-32GB, 0, 0, 0, 32768, 25.55, 250.00, 29, 135
2026-08-07T12:08:48.598Z,sibyl_graph_build,0, Tesla V100-PCIE-32GB, 0, 0, 0, 32768, 25.55, 250.00, 29, 135
2026-08-07T12:08:49.646Z,sibyl_graph_build,0, Tesla V100-PCIE-32GB, 0, 0, 0, 32768, 25.53, 250.00, 29, 135
2026-08-07T12:08:50.685Z,sibyl_graph_build,0, Tesla V100-PCIE-32GB, 0, 0, 0, 32768, 25.64, 250.00, 29, 135
2026-08-07T12:08:51.731Z,sibyl_graph_build,0, Tesla V100-PCIE-32GB, 0, 0, 0, 32768, 25.55, 250.00, 29, 135
2026-08-07T12:08:52.769Z,sibyl_graph_build,0, Tesla V100-PCIE-32GB, 0, 0, 0, 32768, 25.64, 250.00, 29, 135
2026-08-07T12:08:53.818Z,sibyl_graph_build,0, Tesla V100-PCIE-32GB, 0, 0, 0, 32768, 25.55, 250.00, 29, 135
2026-08-07T12:08:54.859Z,sibyl_graph_build,0, Tesla V100-PCIE-32GB, 0, 0, 0, 32768, 25.53, 250.00, 29, 135
2026-08-07T12:08:55.897Z,sibyl_graph_build,0, Tesla V100-PCIE-32GB, 0, 0, 0, 32768, 25.55, 250.00, 29, 135
2026-08-07T12:08:56.943Z,sibyl_graph_build,0, Tesla V100-PCIE-32GB, 0, 0, 0, 32768, 25.55, 250.00, 29, 135
2026-08-07T12:08:57.983Z,sibyl_graph_build,0, Tesla V100-PCIE-32GB, 0, 0, 0, 32768, 25.64, 250.00, 29, 135
2026-08-07T12:08:59.031Z,sibyl_graph_build,0, Tesla V100-PCIE-32GB, 0, 0, 0, 32768, 25.55, 250.00, 29, 135
2026-08-07T12:09:00.069Z,sibyl_graph_build,0, Tesla V100-PCIE-32GB, 0, 0, 0, 32768, 25.55, 250.00, 29, 135
2026-08-07T12:09:01.117Z,sibyl_graph_build,0, Tesla V100-PCIE-32GB, 0, 0, 0, 32768, 25.55, 250.00, 29, 135
2026-08-07T12:09:02.155Z,sibyl_graph_build,0, Tesla V100-PCIE-32GB, 0, 0, 0, 32768, 25.64, 250.00, 29, 135
2026-08-07T12:09:03.198Z,sibyl_graph_build,0, Tesla V100-PCIE-32GB, 0, 0, 0, 32768, 25.53, 250.00, 29, 135
2026-08-07T12:09:04.246Z,sibyl_graph_build,0, Tesla V100-PCIE-32GB, 0, 0, 0, 32768, 25.64, 250.00, 29, 135
2026-08-07T12:09:05.293Z,sibyl_graph_build,0, Tesla V100-PCIE-32GB, 0, 0, 0, 32768, 25.55, 250.00, 29, 135
2026-08-07T12:09:06.340Z,sibyl_graph_build,0, Tesla V100-PCIE-32GB, 0, 0, 0, 32768, 25.64, 250.00, 29, 135
2026-08-07T12:09:07.380Z,sibyl_graph_build,0, Tesla V100-PCIE-32GB, 0, 0, 0, 32768, 25.64, 250.00, 29, 135
2026-08-07T12:09:08.428Z,sibyl_graph_build,0, Tesla V100-PCIE-32GB, 0, 0, 0, 32768, 25.63, 250.00, 29, 135
2026-08-07T12:09:09.473Z,sibyl_graph_build,0, Tesla V100-PCIE-32GB, 0, 0, 0, 32768, 25.64, 250.00, 29, 135
2026-08-07T12:09:10.519Z,sibyl_graph_build,0, Tesla V100-PCIE-32GB, 0, 0, 0, 32768, 25.64, 250.00, 29, 135
2026-08-07T12:09:11.562Z,sibyl_graph_build,0, Tesla V100-PCIE-32GB, 0, 0, 0, 32768, 25.53, 250.00, 29, 135
2026-08-07T12:09:12.602Z,sibyl_graph_build,0, Tesla V100-PCIE-32GB, 0, 0, 0, 32768, 25.64, 250.00, 29, 135
2026-08-07T12:09:13.644Z,sibyl_graph_build,0, Tesla V100-PCIE-32GB, 0, 0, 0, 32768, 25.55, 250.00, 29, 135
2026-08-07T12:09:14.684Z,sibyl_graph_build,0, Tesla V100-PCIE-32GB, 0, 0, 0, 32768, 25.55, 250.00, 29, 135
2026-08-07T12:09:15.728Z,sibyl_graph_build,0, Tesla V100-PCIE-32GB, 0, 0, 0, 32768, 25.55, 250.00, 29, 135
2026-08-07T12:09:16.767Z,sibyl_graph_build,0, Tesla V100-PCIE-32GB, 0, 0, 0, 32768, 25.63, 250.00, 29, 135
2026-08-07T12:09:17.813Z,sibyl_graph_build,0, Tesla V100-PCIE-32GB, 0, 0, 0, 32768, 25.64, 250.00, 29, 135
2026-08-07T12:09:18.855Z,sibyl_graph_build,0, Tesla V100-PCIE-32GB, 0, 0, 0, 32768, 25.64, 250.00, 29, 135
2026-08-07T12:09:19.895Z,sibyl_graph_build,0, Tesla V100-PCIE-32GB, 0, 0, 0, 32768, 25.64, 250.00, 29, 135
2026-08-07T12:09:20.938Z,sibyl_graph_build,0, Tesla V100-PCIE-32GB, 0, 0, 0, 32768, 25.55, 250.00, 29, 135
2026-08-07T12:09:21.976Z,sibyl_graph_build,0, Tesla V100-PCIE-32GB, 0, 0, 0, 32768, 25.63, 250.00, 29, 135
2026-08-07T12:09:23.016Z,sibyl_graph_build,0, Tesla V100-PCIE-32GB, 0, 0, 0, 32768, 25.64, 250.00, 29, 135
2026-08-07T12:09:24.055Z,sibyl_graph_build,0, Tesla V100-PCIE-32GB, 0, 0, 0, 32768, 25.55, 250.00, 29, 135
2026-08-07T12:09:25.098Z,sibyl_graph_build,0, Tesla V100-PCIE-32GB, 0, 0, 0, 32768, 25.64, 250.00, 29, 135
2026-08-07T12:09:26.143Z,sibyl_graph_build,0, Tesla V100-PCIE-32GB, 0, 0, 0, 32768, 25.55, 250.00, 29, 135
2026-08-07T12:09:27.182Z,sibyl_graph_build,0, Tesla V100-PCIE-32GB, 0, 0, 0, 32768, 25.55, 250.00, 29, 135
2026-08-07T12:09:28.226Z,sibyl_graph_build,0, Tesla V100-PCIE-32GB, 0, 0, 0, 32768, 25.64, 250.00, 29, 135
2026-08-07T12:09:29.267Z,sibyl_graph_build,0, Tesla V100-PCIE-32GB, 0, 0, 0, 32768, 25.55, 250.00, 29, 135
2026-08-07T12:09:30.311Z,sibyl_graph_build,0, Tesla V100-PCIE-32GB, 0, 0, 0, 32768, 25.55, 250.00, 29, 135
2026-08-07T12:09:31.354Z,sibyl_graph_build,0, Tesla V100-PCIE-32GB, 0, 0, 0, 32768, 25.64, 250.00, 29, 135
2026-08-07T12:09:32.392Z,sibyl_graph_build,0, Tesla V100-PCIE-32GB, 0, 0, 0, 32768, 25.64, 250.00, 29, 135
2026-08-07T12:09:33.438Z,sibyl_graph_build,0, Tesla V100-PCIE-32GB, 0, 0, 0, 32768, 25.64, 250.00, 29, 135
2026-08-07T12:09:34.476Z,sibyl_graph_build,0, Tesla V100-PCIE-32GB, 0, 0, 0, 32768, 25.64, 250.00, 29, 135
2026-08-07T12:09:35.520Z,sibyl_graph_build,0, Tesla V100-PCIE-32GB, 0, 0, 0, 32768, 25.63, 250.00, 29, 135
2026-08-07T12:09:36.559Z,sibyl_graph_build,0, Tesla V100-PCIE-32GB, 0, 0, 0, 32768, 25.64, 250.00, 29, 135
2026-08-07T12:09:37.601Z,sibyl_graph_build,0, Tesla V100-PCIE-32GB, 0, 0, 0, 32768, 25.55, 250.00, 29, 135
2026-08-07T12:09:38.646Z,sibyl_graph_build,0, Tesla V100-PCIE-32GB, 0, 0, 0, 32768, 25.64, 250.00, 29, 135
2026-08-07T12:09:39.685Z,sibyl_graph_build,0, Tesla V100-PCIE-32GB, 0, 0, 0, 32768, 25.64, 250.00, 29, 135
2026-08-07T12:09:40.732Z,sibyl_graph_build,0, Tesla V100-PCIE-32GB, 0, 0, 0, 32768, 25.63, 250.00, 29, 135
2026-08-07T12:09:41.773Z,sibyl_graph_build,0, Tesla V100-PCIE-32GB, 0, 0, 0, 32768, 25.64, 250.00, 29, 135
2026-08-07T12:09:42.818Z,sibyl_graph_build,0, Tesla V100-PCIE-32GB, 0, 0, 0, 32768, 25.55, 250.00, 29, 135
2026-08-07T12:09:43.857Z,sibyl_graph_build,0, Tesla V100-PCIE-32GB, 0, 0, 0, 32768, 25.64, 250.00, 29, 135
2026-08-07T12:09:44.895Z,sibyl_graph_build,0, Tesla V100-PCIE-32GB, 0, 0, 0, 32768, 25.55, 250.00, 29, 135
2026-08-07T12:09:45.939Z,sibyl_graph_build,0, Tesla V100-PCIE-32GB, 0, 0, 0, 32768, 25.63, 250.00, 29, 135
2026-08-07T12:09:46.979Z,sibyl_graph_build,0, Tesla V100-PCIE-32GB, 0, 0, 0, 32768, 25.63, 250.00, 29, 135
2026-08-07T12:09:48.026Z,sibyl_graph_build,0, Tesla V100-PCIE-32GB, 0, 0, 0, 32768, 25.64, 250.00, 29, 135
2026-08-07T12:09:49.065Z,sibyl_graph_build,0, Tesla V100-PCIE-32GB, 0, 0, 0, 32768, 25.54, 250.00, 29, 135
2026-08-07T12:09:50.113Z,sibyl_graph_build,0, Tesla V100-PCIE-32GB, 0, 0, 0, 32768, 25.63, 250.00, 29, 135
2026-08-07T12:09:51.153Z,sibyl_graph_build,0, Tesla V100-PCIE-32GB, 0, 0, 0, 32768, 25.53, 250.00, 29, 135
2026-08-07T12:09:52.192Z,sibyl_graph_build,0, Tesla V100-PCIE-32GB, 0, 0, 0, 32768, 25.55, 250.00, 29, 135
2026-08-07T12:09:53.253Z,sibyl_graph_build,0, Tesla V100-PCIE-32GB, 0, 0, 0, 32768, 25.55, 250.00, 29, 135
2026-08-07T12:09:54.298Z,sibyl_graph_build,0, Tesla V100-PCIE-32GB, 0, 0, 0, 32768, 25.55, 250.00, 29, 135
2026-08-07T12:09:55.339Z,sibyl_graph_build,0, Tesla V100-PCIE-32GB, 0, 0, 0, 32768, 25.63, 250.00, 29, 135
2026-08-07T12:09:56.385Z,sibyl_graph_build,0, Tesla V100-PCIE-32GB, 0, 0, 0, 32768, 25.55, 250.00, 29, 135
2026-08-07T12:09:57.428Z,sibyl_graph_build,0, Tesla V100-PCIE-32GB, 0, 0, 0, 32768, 25.55, 250.00, 29, 135
2026-08-07T12:09:58.469Z,sibyl_graph_build,0, Tesla V100-PCIE-32GB, 0, 0, 0, 32768, 25.64, 250.00, 29, 135
2026-08-07T12:09:59.521Z,sibyl_graph_build,0, Tesla V100-PCIE-32GB, 0, 0, 0, 32768, 25.64, 250.00, 29, 135
2026-08-07T12:10:00.562Z,sibyl_graph_build,0, Tesla V100-PCIE-32GB, 0, 0, 0, 32768, 25.63, 250.00, 29, 135
2026-08-07T12:10:01.607Z,sibyl_graph_build,0, Tesla V100-PCIE-32GB, 0, 0, 0, 32768, 25.64, 250.00, 29, 135
2026-08-07T12:10:02.647Z,sibyl_graph_build,0, Tesla V100-PCIE-32GB, 0, 0, 0, 32768, 25.55, 250.00, 29, 135
2026-08-07T12:10:03.688Z,sibyl_graph_build,0, Tesla V100-PCIE-32GB, 0, 0, 0, 32768, 25.64, 250.00, 29, 135
2026-08-07T12:10:04.734Z,sibyl_graph_build,0, Tesla V100-PCIE-32GB, 0, 0, 0, 32768, 25.54, 250.00, 29, 135
2026-08-07T12:10:05.772Z,sibyl_graph_build,0, Tesla V100-PCIE-32GB, 0, 0, 0, 32768, 25.53, 250.00, 29, 135
2026-08-07T12:10:06.819Z,sibyl_graph_build,0, Tesla V100-PCIE-32GB, 0, 0, 0, 32768, 25.55, 250.00, 29, 135
2026-08-07T12:10:07.858Z,sibyl_graph_build,0, Tesla V100-PCIE-32GB, 0, 0, 0, 32768, 25.55, 250.00, 29, 135
2026-08-07T12:10:08.899Z,sibyl_graph_build,0, Tesla V100-PCIE-32GB, 0, 0, 0, 32768, 25.55, 250.00, 29, 135
2026-08-07T12:10:09.940Z,sibyl_graph_build,0, Tesla V100-PCIE-32GB, 0, 0, 0, 32768, 25.55, 250.00, 29, 135
2026-08-07T12:10:10.984Z,sibyl_graph_build,0, Tesla V100-PCIE-32GB, 0, 0, 0, 32768, 25.63, 250.00, 29, 135
2026-08-07T12:10:12.030Z,sibyl_graph_build,0, Tesla V100-PCIE-32GB, 0, 0, 0, 32768, 25.55, 250.00, 29, 135
2026-08-07T12:10:13.074Z,sibyl_graph_build,0, Tesla V100-PCIE-32GB, 0, 0, 0, 32768, 25.55, 250.00, 29, 135
2026-08-07T12:10:14.119Z,sibyl_graph_build,0, Tesla V100-PCIE-32GB, 0, 0, 0, 32768, 25.63, 250.00, 29, 135
2026-08-07T12:10:15.162Z,sibyl_graph_build,0, Tesla V100-PCIE-32GB, 0, 0, 0, 32768, 25.64, 250.00, 29, 135
2026-08-07T12:10:16.211Z,sibyl_graph_build,0, Tesla V100-PCIE-32GB, 0, 0, 0, 32768, 25.64, 250.00, 29, 135
2026-08-07T12:10:17.250Z,sibyl_graph_build,0, Tesla V100-PCIE-32GB, 0, 0, 0, 32768, 25.64, 250.00, 29, 135
2026-08-07T12:10:18.296Z,sibyl_graph_build,0, Tesla V100-PCIE-32GB, 0, 0, 0, 32768, 25.55, 250.00, 29, 135
2026-08-07T12:10:19.346Z,sibyl_graph_build,0, Tesla V100-PCIE-32GB, 0, 0, 0, 32768, 25.53, 250.00, 29, 135
2026-08-07T12:10:20.383Z,sibyl_graph_build,0, Tesla V100-PCIE-32GB, 0, 0, 0, 32768, 25.64, 250.00, 29, 135
2026-08-07T12:10:21.433Z,sibyl_graph_build,0, Tesla V100-PCIE-32GB, 0, 0, 0, 32768, 25.64, 250.00, 29, 135
2026-08-07T12:10:22.479Z,sibyl_graph_build,0, Tesla V100-PCIE-32GB, 0, 0, 0, 32768, 25.55, 250.00, 29, 135
2026-08-07T12:10:23.527Z,sibyl_graph_build,0, Tesla V100-PCIE-32GB, 0, 0, 0, 32768, 25.64, 250.00, 29, 135
2026-08-07T12:10:24.565Z,sibyl_graph_build,0, Tesla V100-PCIE-32GB, 0, 0, 0, 32768, 25.63, 250.00, 29, 135
2026-08-07T12:10:25.609Z,sibyl_graph_build,0, Tesla V100-PCIE-32GB, 0, 0, 0, 32768, 25.64, 250.00, 29, 135
2026-08-07T12:10:26.648Z,sibyl_graph_build,0, Tesla V100-PCIE-32GB, 0, 0, 0, 32768, 25.64, 250.00, 29, 135
2026-08-07T12:10:27.686Z,sibyl_graph_build,0, Tesla V100-PCIE-32GB, 0, 0, 0, 32768, 25.64, 250.00, 29, 135
2026-08-07T12:10:28.738Z,sibyl_graph_build,0, Tesla V100-PCIE-32GB, 0, 0, 0, 32768, 25.64, 250.00, 29, 135
2026-08-07T12:10:29.786Z,sibyl_graph_build,0, Tesla V100-PCIE-32GB, 0, 0, 0, 32768, 25.55, 250.00, 29, 135
2026-08-07T12:10:30.833Z,sibyl_graph_build,0, Tesla V100-PCIE-32GB, 0, 0, 0, 32768, 25.64, 250.00, 29, 135
2026-08-07T12:10:31.876Z,sibyl_graph_build,0, Tesla V100-PCIE-32GB, 0, 0, 0, 32768, 25.55, 250.00, 29, 135
2026-08-07T12:10:32.934Z,sibyl_graph_build,0, Tesla V100-PCIE-32GB, 0, 0, 0, 32768, 25.63, 250.00, 29, 135
2026-08-07T12:10:33.979Z,sibyl_graph_build,0, Tesla V100-PCIE-32GB, 0, 0, 0, 32768, 25.55, 250.00, 29, 135
2026-08-07T12:10:35.042Z,sibyl_graph_build,0, Tesla V100-PCIE-32GB, 0, 0, 0, 32768, 25.64, 250.00, 29, 135
2026-08-07T12:10:36.089Z,sibyl_graph_build,0, Tesla V100-PCIE-32GB, 0, 0, 0, 32768, 25.64, 250.00, 29, 135
2026-08-07T12:10:37.143Z,sibyl_graph_build,0, Tesla V100-PCIE-32GB, 0, 0, 0, 32768, 25.55, 250.00, 29, 135
2026-08-07T12:10:38.190Z,sibyl_graph_build,0, Tesla V100-PCIE-32GB, 0, 0, 0, 32768, 25.53, 250.00, 29, 135
2026-08-07T12:10:39.239Z,sibyl_graph_build,0, Tesla V100-PCIE-32GB, 0, 0, 0, 32768, 25.64, 250.00, 29, 135
2026-08-07T12:10:40.284Z,sibyl_graph_build,0, Tesla V100-PCIE-32GB, 0, 0, 0, 32768, 25.64, 250.00, 29, 135
2026-08-07T12:10:41.339Z,sibyl_graph_build,0, Tesla V100-PCIE-32GB, 0, 0, 0, 32768, 25.55, 250.00, 29, 135
2026-08-07T12:10:42.380Z,sibyl_graph_build,0, Tesla V100-PCIE-32GB, 0, 0, 0, 32768, 25.64, 250.00, 29, 135
2026-08-07T12:10:43.429Z,sibyl_graph_build,0, Tesla V100-PCIE-32GB, 0, 0, 0, 32768, 25.53, 250.00, 29, 135
2026-08-07T12:10:44.471Z,sibyl_graph_build,0, Tesla V100-PCIE-32GB, 0, 0, 0, 32768, 25.64, 250.00, 29, 135
2026-08-07T12:10:45.517Z,sibyl_graph_build,0, Tesla V100-PCIE-32GB, 0, 0, 0, 32768, 25.55, 250.00, 29, 135
2026-08-07T12:10:46.567Z,sibyl_graph_build,0, Tesla V100-PCIE-32GB, 0, 0, 0, 32768, 25.63, 250.00, 29, 135
2026-08-07T12:10:47.619Z,sibyl_graph_build,0, Tesla V100-PCIE-32GB, 0, 0, 0, 32768, 25.55, 250.00, 29, 135
2026-08-07T12:10:48.668Z,sibyl_graph_build,0, Tesla V100-PCIE-32GB, 0, 0, 0, 32768, 25.64, 250.00, 29, 135
2026-08-07T12:10:49.720Z,sibyl_graph_build,0, Tesla V100-PCIE-32GB, 0, 0, 0, 32768, 25.55, 250.00, 29, 135
2026-08-07T12:10:50.773Z,sibyl_graph_build,0, Tesla V100-PCIE-32GB, 0, 0, 0, 32768, 25.64, 250.00, 29, 135
2026-08-07T12:10:51.820Z,sibyl_graph_build,0, Tesla V100-PCIE-32GB, 0, 0, 0, 32768, 25.53, 250.00, 29, 135
2026-08-07T12:10:52.864Z,sibyl_graph_build,0, Tesla V100-PCIE-32GB, 0, 0, 0, 32768, 25.55, 250.00, 29, 135
2026-08-07T12:10:53.913Z,sibyl_graph_build,0, Tesla V100-PCIE-32GB, 0, 0, 0, 32768, 25.64, 250.00, 29, 135
2026-08-07T12:10:54.961Z,sibyl_graph_build,0, Tesla V100-PCIE-32GB, 0, 0, 0, 32768, 25.55, 250.00, 29, 135
2026-08-07T12:10:56.015Z,sibyl_graph_build,0, Tesla V100-PCIE-32GB, 0, 0, 0, 32768, 25.64, 250.00, 29, 135
2026-08-07T12:10:57.065Z,sibyl_graph_build,0, Tesla V100-PCIE-32GB, 0, 0, 0, 32768, 25.53, 250.00, 29, 135
2026-08-07T12:10:58.118Z,sibyl_graph_build,0, Tesla V100-PCIE-32GB, 0, 0, 0, 32768, 25.64, 250.00, 29, 135
2026-08-07T12:10:59.170Z,sibyl_graph_build,0, Tesla V100-PCIE-32GB, 0, 0, 0, 32768, 25.64, 250.00, 29, 135
2026-08-07T12:11:00.220Z,sibyl_graph_build,0, Tesla V100-PCIE-32GB, 0, 0, 0, 32768, 25.53, 250.00, 29, 135
2026-08-07T12:11:01.281Z,sibyl_graph_build,0, Tesla V100-PCIE-32GB, 0, 0, 0, 32768, 25.55, 250.00, 29, 135
2026-08-07T12:11:02.338Z,sibyl_graph_build,0, Tesla V100-PCIE-32GB, 0, 0, 0, 32768, 25.55, 250.00, 29, 135
2026-08-07T12:11:03.381Z,sibyl_graph_build,0, Tesla V100-PCIE-32GB, 0, 0, 0, 32768, 25.55, 250.00, 29, 135
2026-08-07T12:11:04.431Z,sibyl_graph_build,0, Tesla V100-PCIE-32GB, 0, 0, 0, 32768, 25.64, 250.00, 29, 135
2026-08-07T12:11:05.474Z,sibyl_graph_build,0, Tesla V100-PCIE-32GB, 0, 0, 0, 32768, 25.63, 250.00, 29, 135
2026-08-07T12:11:06.531Z,sibyl_graph_build,0, Tesla V100-PCIE-32GB, 0, 0, 0, 32768, 25.45, 250.00, 29, 135
2026-08-07T12:11:07.574Z,sibyl_graph_build,0, Tesla V100-PCIE-32GB, 0, 0, 0, 32768, 25.64, 250.00, 29, 135
2026-08-07T12:11:08.619Z,sibyl_graph_build,0, Tesla V100-PCIE-32GB, 0, 0, 0, 32768, 25.67, 250.00, 29, 135
2026-08-07T12:11:09.659Z,sibyl_graph_build,0, Tesla V100-PCIE-32GB, 0, 0, 0, 32768, 25.57, 250.00, 29, 135
2026-08-07T12:11:10.698Z,sibyl_graph_build,0, Tesla V100-PCIE-32GB, 0, 0, 0, 32768, 25.57, 250.00, 29, 135
2026-08-07T12:11:11.743Z,sibyl_graph_build,0, Tesla V100-PCIE-32GB, 0, 0, 0, 32768, 25.47, 250.00, 29, 135
2026-08-07T12:11:12.781Z,sibyl_graph_build,0, Tesla V100-PCIE-32GB, 0, 0, 0, 32768, 25.57, 250.00, 29, 135
2026-08-07T12:11:13.827Z,sibyl_graph_build,0, Tesla V100-PCIE-32GB, 0, 0, 0, 32768, 25.55, 250.00, 29, 135
2026-08-07T12:11:14.870Z,sibyl_graph_build,0, Tesla V100-PCIE-32GB, 0, 0, 0, 32768, 25.57, 250.00, 29, 135
2026-08-07T12:11:15.917Z,sibyl_graph_build,0, Tesla V100-PCIE-32GB, 0, 0, 0, 32768, 25.55, 250.00, 29, 135
2026-08-07T12:11:16.966Z,sibyl_graph_build,0, Tesla V100-PCIE-32GB, 0, 0, 0, 32768, 25.65, 250.00, 29, 135
2026-08-07T12:11:18.020Z,sibyl_graph_build,0, Tesla V100-PCIE-32GB, 0, 0, 0, 32768, 25.64, 250.00, 29, 135
2026-08-07T12:11:19.068Z,sibyl_graph_build,0, Tesla V100-PCIE-32GB, 0, 0, 0, 32768, 25.53, 250.00, 29, 135
2026-08-07T12:11:20.120Z,sibyl_graph_build,0, Tesla V100-PCIE-32GB, 0, 0, 0, 32768, 25.64, 250.00, 29, 135
2026-08-07T12:11:21.162Z,sibyl_graph_build,0, Tesla V100-PCIE-32GB, 0, 0, 0, 32768, 25.64, 250.00, 29, 135
2026-08-07T12:11:22.213Z,sibyl_graph_build,0, Tesla V100-PCIE-32GB, 0, 0, 0, 32768, 25.53, 250.00, 29, 135
2026-08-07T12:11:23.256Z,sibyl_graph_build,0, Tesla V100-PCIE-32GB, 0, 0, 0, 32768, 25.64, 250.00, 29, 135
2026-08-07T12:11:24.298Z,sibyl_graph_build,0, Tesla V100-PCIE-32GB, 0, 0, 0, 32768, 25.55, 250.00, 29, 135
2026-08-07T12:11:25.351Z,sibyl_graph_build,0, Tesla V100-PCIE-32GB, 0, 0, 0, 32768, 25.55, 250.00, 29, 135
2026-08-07T12:11:26.394Z,sibyl_graph_build,0, Tesla V100-PCIE-32GB, 0, 0, 0, 32768, 25.64, 250.00, 29, 135
2026-08-07T12:11:27.443Z,sibyl_graph_build,0, Tesla V100-PCIE-32GB, 0, 0, 0, 32768, 25.53, 250.00, 29, 135
2026-08-07T12:11:28.492Z,sibyl_graph_build,0, Tesla V100-PCIE-32GB, 0, 0, 0, 32768, 25.55, 250.00, 29, 135
2026-08-07T12:11:29.543Z,sibyl_graph_build,0, Tesla V100-PCIE-32GB, 0, 0, 0, 32768, 25.64, 250.00, 29, 135
2026-08-07T12:11:30.593Z,sibyl_graph_build,0, Tesla V100-PCIE-32GB, 0, 0, 0, 32768, 25.65, 250.00, 29, 135
2026-08-07T12:11:31.647Z,sibyl_graph_build,0, Tesla V100-PCIE-32GB, 0, 0, 0, 32768, 25.55, 250.00, 29, 135
2026-08-07T12:11:32.693Z,sibyl_graph_build,0, Tesla V100-PCIE-32GB, 0, 0, 0, 32768, 25.64, 250.00, 29, 135
2026-08-07T12:11:33.746Z,sibyl_graph_build,0, Tesla V100-PCIE-32GB, 0, 0, 0, 32768, 25.64, 250.00, 29, 135
2026-08-07T12:11:34.789Z,sibyl_graph_build,0, Tesla V100-PCIE-32GB, 0, 0, 0, 32768, 25.64, 250.00, 29, 135
2026-08-07T12:11:35.848Z,sibyl_graph_build,0, Tesla V100-PCIE-32GB, 0, 0, 0, 32768, 25.53, 250.00, 29, 135
2026-08-07T12:11:36.894Z,sibyl_graph_build,0, Tesla V100-PCIE-32GB, 0, 0, 0, 32768, 25.64, 250.00, 29, 135
2026-08-07T12:11:37.942Z,sibyl_graph_build,0, Tesla V100-PCIE-32GB, 0, 0, 0, 32768, 25.55, 250.00, 29, 135
2026-08-07T12:11:38.992Z,sibyl_graph_build,0, Tesla V100-PCIE-32GB, 0, 0, 0, 32768, 25.64, 250.00, 29, 135
2026-08-07T12:11:40.044Z,sibyl_graph_build,0, Tesla V100-PCIE-32GB, 0, 0, 0, 32768, 25.64, 250.00, 29, 135
2026-08-07T12:11:41.084Z,sibyl_graph_build,0, Tesla V100-PCIE-32GB, 0, 0, 0, 32768, 25.63, 250.00, 29, 135
2026-08-07T12:11:42.140Z,sibyl_graph_build,0, Tesla V100-PCIE-32GB, 0, 0, 0, 32768, 25.55, 250.00, 29, 135
2026-08-07T12:11:43.184Z,sibyl_graph_build,0, Tesla V100-PCIE-32GB, 0, 0, 0, 32768, 25.55, 250.00, 29, 135
2026-08-07T12:11:44.231Z,sibyl_graph_build,0, Tesla V100-PCIE-32GB, 0, 0, 0, 32768, 25.63, 250.00, 29, 135
2026-08-07T12:11:45.277Z,sibyl_graph_build,0, Tesla V100-PCIE-32GB, 0, 0, 0, 32768, 25.55, 250.00, 29, 135
2026-08-07T12:11:46.329Z,sibyl_graph_build,0, Tesla V100-PCIE-32GB, 0, 0, 0, 32768, 25.55, 250.00, 29, 135
2026-08-07T12:11:47.372Z,sibyl_graph_build,0, Tesla V100-PCIE-32GB, 0, 0, 0, 32768, 25.65, 250.00, 29, 135
2026-08-07T12:11:48.418Z,sibyl_graph_build,0, Tesla V100-PCIE-32GB, 0, 0, 0, 32768, 25.55, 250.00, 29, 135
2026-08-07T12:11:49.464Z,sibyl_graph_build,0, Tesla V100-PCIE-32GB, 0, 0, 0, 32768, 25.63, 250.00, 29, 135
2026-08-07T12:11:50.512Z,sibyl_graph_build,0, Tesla V100-PCIE-32GB, 0, 0, 0, 32768, 25.64, 250.00, 29, 135
2026-08-07T12:11:51.557Z,sibyl_graph_build,0, Tesla V100-PCIE-32GB, 0, 0, 0, 32768, 25.64, 250.00, 29, 135
2026-08-07T12:11:52.611Z,sibyl_graph_build,0, Tesla V100-PCIE-32GB, 0, 0, 0, 32768, 25.55, 250.00, 29, 135
2026-08-07T12:11:53.655Z,sibyl_graph_build,0, Tesla V100-PCIE-32GB, 0, 0, 0, 32768, 25.65, 250.00, 29, 135
2026-08-07T12:11:54.715Z,sibyl_graph_build,0, Tesla V100-PCIE-32GB, 0, 0, 0, 32768, 25.65, 250.00, 29, 135
2026-08-07T12:11:55.758Z,sibyl_graph_build,0, Tesla V100-PCIE-32GB, 0, 0, 0, 32768, 25.55, 250.00, 29, 135
2026-08-07T12:11:56.814Z,sibyl_graph_build,0, Tesla V100-PCIE-32GB, 0, 0, 0, 32768, 25.55, 250.00, 29, 135
2026-08-07T12:11:57.858Z,sibyl_graph_build,0, Tesla V100-PCIE-32GB, 0, 0, 0, 32768, 25.63, 250.00, 29, 135
2026-08-07T12:11:58.902Z,sibyl_graph_build,0, Tesla V100-PCIE-32GB, 0, 0, 0, 32768, 25.64, 250.00, 29, 135
2026-08-07T12:11:59.958Z,sibyl_graph_build,0, Tesla V100-PCIE-32GB, 0, 0, 0, 32768, 25.65, 250.00, 29, 135
2026-08-07T12:12:01.007Z,sibyl_graph_build,0, Tesla V100-PCIE-32GB, 0, 0, 0, 32768, 25.55, 250.00, 29, 135
2026-08-07T12:12:02.050Z,sibyl_graph_build,0, Tesla V100-PCIE-32GB, 0, 0, 0, 32768, 25.65, 250.00, 29, 135
2026-08-07T12:12:03.091Z,sibyl_graph_build,0, Tesla V100-PCIE-32GB, 0, 0, 0, 32768, 25.63, 250.00, 29, 135
2026-08-07T12:12:04.135Z,sibyl_graph_build,0, Tesla V100-PCIE-32GB, 0, 0, 0, 32768, 25.55, 250.00, 29, 135
2026-08-07T12:12:05.175Z,sibyl_graph_build,0, Tesla V100-PCIE-32GB, 0, 0, 0, 32768, 25.64, 250.00, 29, 135
2026-08-07T12:12:06.219Z,sibyl_graph_build,0, Tesla V100-PCIE-32GB, 0, 0, 0, 32768, 25.53, 250.00, 29, 135
2026-08-07T12:12:07.268Z,sibyl_graph_build,0, Tesla V100-PCIE-32GB, 0, 0, 0, 32768, 25.64, 250.00, 29, 135
2026-08-07T12:12:08.319Z,sibyl_graph_build,0, Tesla V100-PCIE-32GB, 0, 0, 0, 32768, 25.64, 250.00, 29, 135
2026-08-07T12:12:09.360Z,sibyl_graph_build,0, Tesla V100-PCIE-32GB, 0, 0, 0, 32768, 25.65, 250.00, 29, 135
2026-08-07T12:12:10.399Z,sibyl_graph_build,0, Tesla V100-PCIE-32GB, 0, 0, 0, 32768, 25.65, 250.00, 29, 135
2026-08-07T12:12:11.441Z,sibyl_graph_build,0, Tesla V100-PCIE-32GB, 0, 0, 0, 32768, 25.63, 250.00, 29, 135
2026-08-07T12:12:12.484Z,sibyl_graph_build,0, Tesla V100-PCIE-32GB, 0, 0, 0, 32768, 25.65, 250.00, 29, 135
2026-08-07T12:12:13.533Z,sibyl_graph_build,0, Tesla V100-PCIE-32GB, 0, 0, 0, 32768, 25.55, 250.00, 29, 135
2026-08-07T12:12:14.573Z,sibyl_graph_build,0, Tesla V100-PCIE-32GB, 0, 0, 0, 32768, 25.64, 250.00, 29, 135
2026-08-07T12:12:15.616Z,sibyl_graph_build,0, Tesla V100-PCIE-32GB, 0, 0, 0, 32768, 25.64, 250.00, 29, 135
2026-08-07T12:12:16.658Z,sibyl_graph_build,0, Tesla V100-PCIE-32GB, 0, 0, 0, 32768, 25.63, 250.00, 29, 135
2026-08-07T12:12:17.698Z,sibyl_graph_build,0, Tesla V100-PCIE-32GB, 0, 0, 0, 32768, 25.64, 250.00, 29, 135
2026-08-07T12:12:18.741Z,sibyl_graph_build,0, Tesla V100-PCIE-32GB, 0, 0, 0, 32768, 25.64, 250.00, 29, 135
2026-08-07T12:12:19.781Z,sibyl_graph_build,0, Tesla V100-PCIE-32GB, 0, 0, 0, 32768, 25.55, 250.00, 29, 135
2026-08-07T12:12:20.829Z,sibyl_graph_build,0, Tesla V100-PCIE-32GB, 0, 0, 0, 32768, 25.55, 250.00, 29, 135
2026-08-07T12:12:21.868Z,sibyl_graph_build,0, Tesla V100-PCIE-32GB, 0, 0, 0, 32768, 25.63, 250.00, 29, 135
2026-08-07T12:12:22.910Z,sibyl_graph_build,0, Tesla V100-PCIE-32GB, 0, 0, 0, 32768, 25.64, 250.00, 29, 135
2026-08-07T12:12:23.955Z,sibyl_graph_build,0, Tesla V100-PCIE-32GB, 0, 0, 0, 32768, 25.64, 250.00, 29, 135
2026-08-07T12:12:25.001Z,sibyl_graph_build,0, Tesla V100-PCIE-32GB, 0, 0, 0, 32768, 25.53, 250.00, 29, 135
2026-08-07T12:12:26.048Z,sibyl_graph_build,0, Tesla V100-PCIE-32GB, 0, 0, 0, 32768, 25.65, 250.00, 29, 135
2026-08-07T12:12:27.088Z,sibyl_graph_build,0, Tesla V100-PCIE-32GB, 0, 0, 0, 32768, 25.55, 250.00, 29, 135
2026-08-07T12:12:28.133Z,sibyl_graph_build,0, Tesla V100-PCIE-32GB, 0, 0, 0, 32768, 25.64, 250.00, 29, 135
2026-08-07T12:12:29.175Z,sibyl_graph_build,0, Tesla V100-PCIE-32GB, 0, 0, 0, 32768, 25.64, 250.00, 29, 135
2026-08-07T12:12:30.219Z,sibyl_graph_build,0, Tesla V100-PCIE-32GB, 0, 0, 0, 32768, 25.63, 250.00, 29, 135
2026-08-07T12:12:31.262Z,sibyl_graph_build,0, Tesla V100-PCIE-32GB, 0, 0, 0, 32768, 25.64, 250.00, 29, 135
2026-08-07T12:12:32.301Z,sibyl_graph_build,0, Tesla V100-PCIE-32GB, 0, 0, 0, 32768, 25.64, 250.00, 29, 135
2026-08-07T12:12:33.345Z,sibyl_graph_build,0, Tesla V100-PCIE-32GB, 0, 0, 0, 32768, 25.64, 250.00, 29, 135
2026-08-07T12:12:34.393Z,sibyl_graph_build,0, Tesla V100-PCIE-32GB, 0, 0, 0, 32768, 25.64, 250.00, 29, 135
2026-08-07T12:12:35.445Z,sibyl_graph_build,0, Tesla V100-PCIE-32GB, 0, 0, 0, 32768, 25.63, 250.00, 29, 135
2026-08-07T12:12:36.484Z,sibyl_graph_build,0, Tesla V100-PCIE-32GB, 0, 0, 0, 32768, 25.64, 250.00, 29, 135
2026-08-07T12:12:37.543Z,sibyl_graph_build,0, Tesla V100-PCIE-32GB, 0, 0, 0, 32768, 25.64, 250.00, 29, 135
2026-08-07T12:12:38.581Z,sibyl_graph_build,0, Tesla V100-PCIE-32GB, 0, 0, 0, 32768, 25.64, 250.00, 29, 135
2026-08-07T12:12:39.627Z,sibyl_graph_build,0, Tesla V100-PCIE-32GB, 0, 0, 0, 32768, 25.64, 250.00, 29, 135
2026-08-07T12:12:40.666Z,sibyl_graph_build,0, Tesla V100-PCIE-32GB, 0, 0, 0, 32768, 25.63, 250.00, 29, 135
2026-08-07T12:12:41.715Z,sibyl_graph_build,0, Tesla V100-PCIE-32GB, 0, 0, 0, 32768, 25.55, 250.00, 29, 135
2026-08-07T12:12:42.759Z,sibyl_graph_build,0, Tesla V100-PCIE-32GB, 0, 0, 0, 32768, 25.65, 250.00, 29, 135
2026-08-07T12:12:43.809Z,sibyl_graph_build,0, Tesla V100-PCIE-32GB, 0, 0, 0, 32768, 25.64, 250.00, 29, 135
2026-08-07T12:12:44.847Z,sibyl_graph_build,0, Tesla V100-PCIE-32GB, 0, 0, 0, 32768, 25.64, 250.00, 29, 135
2026-08-07T12:12:45.891Z,sibyl_graph_build,0, Tesla V100-PCIE-32GB, 0, 0, 0, 32768, 25.64, 250.00, 29, 135
2026-08-07T12:12:46.936Z,sibyl_graph_build,0, Tesla V100-PCIE-32GB, 0, 0, 0, 32768, 25.64, 250.00, 29, 135
2026-08-07T12:12:47.974Z,sibyl_graph_build,0, Tesla V100-PCIE-32GB, 0, 0, 0, 32768, 25.64, 250.00, 29, 135
2026-08-07T12:12:49.018Z,sibyl_graph_build,0, Tesla V100-PCIE-32GB, 0, 0, 0, 32768, 25.63, 250.00, 29, 135
2026-08-07T12:12:50.064Z,sibyl_graph_build,0, Tesla V100-PCIE-32GB, 0, 0, 0, 32768, 25.64, 250.00, 29, 135
2026-08-07T12:12:51.116Z,sibyl_graph_build,0, Tesla V100-PCIE-32GB, 0, 0, 0, 32768, 25.64, 250.00, 29, 135
2026-08-07T12:12:52.161Z,sibyl_graph_build,0, Tesla V100-PCIE-32GB, 0, 0, 0, 32768, 25.64, 250.00, 29, 135
2026-08-07T12:12:53.216Z,sibyl_graph_build,0, Tesla V100-PCIE-32GB, 0, 0, 0, 32768, 25.64, 250.00, 29, 135
2026-08-07T12:12:54.256Z,sibyl_graph_build,0, Tesla V100-PCIE-32GB, 0, 0, 0, 32768, 25.63, 250.00, 29, 135
2026-08-07T12:12:55.294Z,sibyl_graph_build,0, Tesla V100-PCIE-32GB, 0, 0, 0, 32768, 25.65, 250.00, 29, 135
2026-08-07T12:12:56.343Z,sibyl_graph_build,0, Tesla V100-PCIE-32GB, 0, 0, 0, 32768, 25.64, 250.00, 29, 135
2026-08-07T12:12:57.382Z,sibyl_graph_build,0, Tesla V100-PCIE-32GB, 0, 0, 0, 32768, 25.55, 250.00, 29, 135
2026-08-07T12:12:58.429Z,sibyl_graph_build,0, Tesla V100-PCIE-32GB, 0, 0, 0, 32768, 25.65, 250.00, 29, 135
2026-08-07T12:12:59.470Z,sibyl_graph_build,0, Tesla V100-PCIE-32GB, 0, 0, 0, 32768, 25.63, 250.00, 29, 135
2026-08-07T12:13:00.518Z,sibyl_graph_build,0, Tesla V100-PCIE-32GB, 0, 0, 0, 32768, 25.55, 250.00, 29, 135
2026-08-07T12:13:01.560Z,sibyl_graph_build,0, Tesla V100-PCIE-32GB, 0, 0, 0, 32768, 25.64, 250.00, 29, 135
2026-08-07T12:13:02.611Z,sibyl_graph_build,0, Tesla V100-PCIE-32GB, 0, 0, 0, 32768, 25.63, 250.00, 29, 135
2026-08-07T12:13:03.650Z,sibyl_graph_build,0, Tesla V100-PCIE-32GB, 0, 0, 0, 32768, 25.64, 250.00, 29, 135
2026-08-07T12:13:04.690Z,sibyl_graph_build,0, Tesla V100-PCIE-32GB, 0, 0, 0, 32768, 25.64, 250.00, 29, 135
2026-08-07T12:13:05.733Z,sibyl_graph_build,0, Tesla V100-PCIE-32GB, 0, 0, 0, 32768, 25.55, 250.00, 29, 135
2026-08-07T12:13:06.771Z,sibyl_graph_build,0, Tesla V100-PCIE-32GB, 0, 0, 0, 32768, 25.64, 250.00, 29, 135
2026-08-07T12:13:07.818Z,sibyl_graph_build,0, Tesla V100-PCIE-32GB, 0, 0, 0, 32768, 25.63, 250.00, 29, 135
2026-08-07T12:13:08.858Z,sibyl_graph_build,0, Tesla V100-PCIE-32GB, 0, 0, 0, 32768, 25.55, 250.00, 29, 135
2026-08-07T12:13:09.899Z,sibyl_graph_build,0, Tesla V100-PCIE-32GB, 0, 0, 0, 32768, 25.64, 250.00, 29, 135
2026-08-07T12:13:10.941Z,sibyl_graph_build,0, Tesla V100-PCIE-32GB, 0, 0, 0, 32768, 25.64, 250.00, 29, 135
2026-08-07T12:13:11.983Z,sibyl_graph_build,0, Tesla V100-PCIE-32GB, 0, 0, 0, 32768, 25.65, 250.00, 29, 135
2026-08-07T12:13:13.030Z,sibyl_graph_build,0, Tesla V100-PCIE-32GB, 0, 0, 0, 32768, 25.63, 250.00, 29, 135
2026-08-07T12:13:14.069Z,sibyl_graph_build,0, Tesla V100-PCIE-32GB, 0, 0, 0, 32768, 25.64, 250.00, 29, 135
2026-08-07T12:13:15.112Z,sibyl_graph_build,0, Tesla V100-PCIE-32GB, 0, 0, 0, 32768, 25.64, 250.00, 29, 135
2026-08-07T12:13:16.153Z,sibyl_graph_build,0, Tesla V100-PCIE-32GB, 0, 0, 0, 32768, 25.64, 250.00, 29, 135
2026-08-07T12:13:17.191Z,sibyl_graph_build,0, Tesla V100-PCIE-32GB, 0, 0, 0, 32768, 25.64, 250.00, 29, 135
2026-08-07T12:13:18.238Z,sibyl_graph_build,0, Tesla V100-PCIE-32GB, 0, 0, 0, 32768, 25.63, 250.00, 29, 135
2026-08-07T12:13:19.278Z,sibyl_graph_build,0, Tesla V100-PCIE-32GB, 0, 0, 0, 32768, 25.64, 250.00, 29, 135
2026-08-07T12:13:20.319Z,sibyl_graph_build,0, Tesla V100-PCIE-32GB, 0, 0, 0, 32768, 25.64, 250.00, 29, 135
2026-08-07T12:13:21.359Z,sibyl_graph_build,0, Tesla V100-PCIE-32GB, 0, 0, 0, 32768, 25.64, 250.00, 29, 135
2026-08-07T12:13:22.401Z,sibyl_graph_build,0, Tesla V100-PCIE-32GB, 0, 0, 0, 32768, 25.64, 250.00, 29, 135
2026-08-07T12:13:23.446Z,sibyl_graph_build,0, Tesla V100-PCIE-32GB, 0, 0, 0, 32768, 25.55, 250.00, 29, 135
2026-08-07T12:13:24.488Z,sibyl_graph_build,0, Tesla V100-PCIE-32GB, 0, 0, 0, 32768, 25.65, 250.00, 29, 135
2026-08-07T12:13:25.531Z,sibyl_graph_build,0, Tesla V100-PCIE-32GB, 0, 0, 0, 32768, 25.55, 250.00, 29, 135
2026-08-07T12:13:26.569Z,sibyl_graph_build,0, Tesla V100-PCIE-32GB, 0, 0, 0, 32768, 25.63, 250.00, 29, 135
2026-08-07T12:13:27.615Z,sibyl_graph_build,0, Tesla V100-PCIE-32GB, 0, 0, 0, 32768, 25.65, 250.00, 29, 135
2026-08-07T12:13:28.655Z,sibyl_graph_build,0, Tesla V100-PCIE-32GB, 0, 0, 0, 32768, 25.65, 250.00, 29, 135
2026-08-07T12:13:29.700Z,sibyl_graph_build,0, Tesla V100-PCIE-32GB, 0, 0, 0, 32768, 25.64, 250.00, 29, 135
2026-08-07T12:13:30.744Z,sibyl_graph_build,0, Tesla V100-PCIE-32GB, 0, 0, 0, 32768, 25.64, 250.00, 29, 135
2026-08-07T12:13:31.790Z,sibyl_graph_build,0, Tesla V100-PCIE-32GB, 0, 0, 0, 32768, 25.63, 250.00, 29, 135
2026-08-07T12:13:32.837Z,sibyl_graph_build,0, Tesla V100-PCIE-32GB, 0, 0, 0, 32768, 25.64, 250.00, 29, 135
2026-08-07T12:13:33.878Z,sibyl_graph_build,0, Tesla V100-PCIE-32GB, 0, 0, 0, 32768, 25.64, 250.00, 29, 135
2026-08-07T12:13:34.926Z,sibyl_graph_build,0, Tesla V100-PCIE-32GB, 0, 0, 0, 32768, 25.65, 250.00, 29, 135
2026-08-07T12:13:35.966Z,sibyl_graph_build,0, Tesla V100-PCIE-32GB, 0, 0, 0, 32768, 25.65, 250.00, 29, 135
2026-08-07T12:13:37.015Z,sibyl_graph_build,0, Tesla V100-PCIE-32GB, 0, 0, 0, 32768, 25.63, 250.00, 29, 135
2026-08-07T12:13:38.054Z,sibyl_graph_build,0, Tesla V100-PCIE-32GB, 0, 0, 0, 32768, 25.64, 250.00, 29, 135
2026-08-07T12:13:39.098Z,sibyl_graph_build,0, Tesla V100-PCIE-32GB, 0, 0, 0, 32768, 25.65, 250.00, 29, 135
2026-08-07T12:13:40.150Z,sibyl_graph_build,0, Tesla V100-PCIE-32GB, 0, 0, 0, 32768, 25.63, 250.00, 29, 135
2026-08-07T12:13:41.189Z,sibyl_graph_build,0, Tesla V100-PCIE-32GB, 0, 0, 0, 32768, 25.64, 250.00, 29, 135
2026-08-07T12:13:42.234Z,sibyl_graph_build,0, Tesla V100-PCIE-32GB, 0, 0, 0, 32768, 25.64, 250.00, 29, 135
2026-08-07T12:13:43.282Z,sibyl_graph_build,0, Tesla V100-PCIE-32GB, 0, 0, 0, 32768, 25.64, 250.00, 29, 135
2026-08-07T12:13:44.330Z,sibyl_graph_build,0, Tesla V100-PCIE-32GB, 0, 0, 0, 32768, 25.64, 250.00, 29, 135
2026-08-07T12:13:45.371Z,sibyl_graph_build,0, Tesla V100-PCIE-32GB, 0, 0, 0, 32768, 25.63, 250.00, 29, 135
2026-08-07T12:13:46.419Z,sibyl_graph_build,0, Tesla V100-PCIE-32GB, 0, 0, 0, 32768, 25.65, 250.00, 29, 135
2026-08-07T12:13:47.458Z,sibyl_graph_build,0, Tesla V100-PCIE-32GB, 0, 0, 0, 32768, 25.64, 250.00, 29, 135
2026-08-07T12:13:48.499Z,sibyl_graph_build,0, Tesla V100-PCIE-32GB, 0, 0, 0, 32768, 25.64, 250.00, 29, 135
2026-08-07T12:13:49.541Z,sibyl_graph_build,0, Tesla V100-PCIE-32GB, 0, 0, 0, 32768, 25.65, 250.00, 29, 135
2026-08-07T12:13:50.585Z,sibyl_graph_build,0, Tesla V100-PCIE-32GB, 0, 0, 0, 32768, 25.63, 250.00, 29, 135
2026-08-07T12:13:51.635Z,sibyl_graph_build,0, Tesla V100-PCIE-32GB, 0, 0, 0, 32768, 25.55, 250.00, 29, 135
2026-08-07T12:13:52.674Z,sibyl_graph_build,0, Tesla V100-PCIE-32GB, 0, 0, 0, 32768, 25.55, 250.00, 29, 135
2026-08-07T12:13:53.716Z,sibyl_graph_build,0, Tesla V100-PCIE-32GB, 0, 0, 0, 32768, 25.55, 250.00, 29, 135
2026-08-07T12:13:54.755Z,sibyl_graph_build,0, Tesla V100-PCIE-32GB, 0, 0, 0, 32768, 25.55, 250.00, 29, 135
2026-08-07T12:13:55.797Z,sibyl_graph_build,0, Tesla V100-PCIE-32GB, 0, 0, 0, 32768, 25.55, 250.00, 29, 135
2026-08-07T12:13:56.840Z,sibyl_graph_build,0, Tesla V100-PCIE-32GB, 0, 0, 0, 32768, 25.64, 250.00, 29, 135
2026-08-07T12:13:57.882Z,sibyl_graph_build,0, Tesla V100-PCIE-32GB, 0, 0, 0, 32768, 25.64, 250.00, 29, 135
2026-08-07T12:13:58.926Z,sibyl_graph_build,0, Tesla V100-PCIE-32GB, 0, 0, 0, 32768, 25.63, 250.00, 29, 135
2026-08-07T12:13:59.966Z,sibyl_graph_build,0, Tesla V100-PCIE-32GB, 0, 0, 0, 32768, 25.64, 250.00, 29, 135
2026-08-07T12:14:01.016Z,sibyl_graph_build,0, Tesla V100-PCIE-32GB, 0, 0, 0, 32768, 25.64, 250.00, 29, 135
2026-08-07T12:14:02.059Z,sibyl_graph_build,0, Tesla V100-PCIE-32GB, 0, 0, 0, 32768, 25.65, 250.00, 29, 135
2026-08-07T12:14:03.097Z,sibyl_graph_build,0, Tesla V100-PCIE-32GB, 0, 0, 0, 32768, 25.64, 250.00, 29, 135
2026-08-07T12:14:04.144Z,sibyl_graph_build,0, Tesla V100-PCIE-32GB, 0, 0, 0, 32768, 25.63, 250.00, 29, 135
2026-08-07T12:14:05.186Z,sibyl_graph_build,0, Tesla V100-PCIE-32GB, 0, 0, 0, 32768, 25.64, 250.00, 29, 135
2026-08-07T12:14:06.227Z,sibyl_graph_build,0, Tesla V100-PCIE-32GB, 0, 0, 0, 32768, 25.65, 250.00, 29, 135
2026-08-07T12:14:07.266Z,sibyl_graph_build,0, Tesla V100-PCIE-32GB, 0, 0, 0, 32768, 25.55, 250.00, 29, 135
2026-08-07T12:14:08.313Z,sibyl_graph_build,0, Tesla V100-PCIE-32GB, 0, 0, 0, 32768, 25.64, 250.00, 29, 135
2026-08-07T12:14:09.355Z,sibyl_graph_build,0, Tesla V100-PCIE-32GB, 0, 0, 0, 32768, 25.63, 250.00, 29, 135
2026-08-07T12:14:10.395Z,sibyl_graph_build,0, Tesla V100-PCIE-32GB, 0, 0, 0, 32768, 25.65, 250.00, 29, 135
2026-08-07T12:14:11.439Z,sibyl_graph_build,0, Tesla V100-PCIE-32GB, 0, 0, 0, 32768, 25.64, 250.00, 29, 135
2026-08-07T12:14:12.477Z,sibyl_graph_build,0, Tesla V100-PCIE-32GB, 0, 0, 0, 32768, 25.64, 250.00, 29, 135
2026-08-07T12:14:13.520Z,sibyl_graph_build,0, Tesla V100-PCIE-32GB, 0, 0, 0, 32768, 25.65, 250.00, 29, 135
2026-08-07T12:14:14.560Z,sibyl_graph_build,0, Tesla V100-PCIE-32GB, 0, 0, 0, 32768, 25.64, 250.00, 29, 135
2026-08-07T12:14:15.614Z,sibyl_graph_build,0, Tesla V100-PCIE-32GB, 0, 0, 0, 32768, 25.55, 250.00, 29, 135
2026-08-07T12:14:16.652Z,sibyl_graph_build,0, Tesla V100-PCIE-32GB, 0, 0, 0, 32768, 25.64, 250.00, 29, 135
2026-08-07T12:14:17.694Z,sibyl_graph_build,0, Tesla V100-PCIE-32GB, 0, 0, 0, 32768, 25.63, 250.00, 29, 135
2026-08-07T12:14:18.739Z,sibyl_graph_build,0, Tesla V100-PCIE-32GB, 0, 0, 0, 32768, 25.64, 250.00, 29, 135
2026-08-07T12:14:19.777Z,sibyl_graph_build,0, Tesla V100-PCIE-32GB, 0, 0, 0, 32768, 25.64, 250.00, 29, 135
2026-08-07T12:14:20.817Z,sibyl_graph_build,0, Tesla V100-PCIE-32GB, 0, 0, 0, 32768, 25.64, 250.00, 29, 135
2026-08-07T12:14:21.862Z,sibyl_graph_build,0, Tesla V100-PCIE-32GB, 0, 0, 0, 32768, 25.64, 250.00, 29, 135
2026-08-07T12:14:22.911Z,sibyl_graph_build,0, Tesla V100-PCIE-32GB, 0, 0, 0, 32768, 25.63, 250.00, 29, 135
2026-08-07T12:14:23.949Z,sibyl_graph_build,0, Tesla V100-PCIE-32GB, 0, 0, 0, 32768, 25.65, 250.00, 29, 135
2026-08-07T12:14:24.992Z,sibyl_graph_build,0, Tesla V100-PCIE-32GB, 0, 0, 0, 32768, 25.64, 250.00, 29, 135
2026-08-07T12:14:26.044Z,sibyl_graph_build,0, Tesla V100-PCIE-32GB, 0, 0, 0, 32768, 25.65, 250.00, 29, 135
2026-08-07T12:14:27.085Z,sibyl_graph_build,0, Tesla V100-PCIE-32GB, 0, 0, 0, 32768, 25.65, 250.00, 29, 135
2026-08-07T12:14:28.136Z,sibyl_graph_build,0, Tesla V100-PCIE-32GB, 0, 0, 0, 32768, 25.64, 250.00, 29, 135
2026-08-07T12:14:29.178Z,sibyl_graph_build,0, Tesla V100-PCIE-32GB, 0, 0, 0, 32768, 25.65, 250.00, 29, 135
2026-08-07T12:14:30.226Z,sibyl_graph_build,0, Tesla V100-PCIE-32GB, 0, 0, 0, 32768, 25.55, 250.00, 29, 135
2026-08-07T12:14:31.266Z,sibyl_graph_build,0, Tesla V100-PCIE-32GB, 0, 0, 0, 32768, 25.54, 250.00, 29, 135
2026-08-07T12:14:32.311Z,sibyl_graph_build,0, Tesla V100-PCIE-32GB, 0, 0, 0, 32768, 25.64, 250.00, 29, 135
2026-08-07T12:14:33.349Z,sibyl_graph_build,0, Tesla V100-PCIE-32GB, 0, 0, 0, 32768, 25.65, 250.00, 29, 135
2026-08-07T12:14:34.390Z,sibyl_graph_build,0, Tesla V100-PCIE-32GB, 0, 0, 0, 32768, 25.64, 250.00, 29, 135
2026-08-07T12:14:35.447Z,sibyl_graph_build,0, Tesla V100-PCIE-32GB, 0, 0, 0, 32768, 25.64, 250.00, 29, 135
2026-08-07T12:14:36.515Z,sibyl_graph_build,0, Tesla V100-PCIE-32GB, 0, 0, 0, 32768, 25.63, 250.00, 29, 135
2026-08-07T12:14:37.555Z,sibyl_graph_build,0, Tesla V100-PCIE-32GB, 0, 0, 0, 32768, 25.64, 250.00, 29, 135
2026-08-07T12:14:38.594Z,sibyl_graph_build,0, Tesla V100-PCIE-32GB, 0, 0, 0, 32768, 25.64, 250.00, 29, 135
2026-08-07T12:14:39.643Z,sibyl_graph_build,0, Tesla V100-PCIE-32GB, 0, 0, 0, 32768, 25.65, 250.00, 29, 135
2026-08-07T12:14:40.681Z,sibyl_graph_build,0, Tesla V100-PCIE-32GB, 0, 0, 0, 32768, 25.64, 250.00, 29, 135
2026-08-07T12:14:41.728Z,sibyl_graph_build,0, Tesla V100-PCIE-32GB, 0, 0, 0, 32768, 25.63, 250.00, 29, 135
2026-08-07T12:14:42.768Z,sibyl_graph_build,0, Tesla V100-PCIE-32GB, 0, 0, 0, 32768, 25.64, 250.00, 29, 135
2026-08-07T12:14:43.812Z,sibyl_graph_build,0, Tesla V100-PCIE-32GB, 0, 0, 0, 32768, 25.64, 250.00, 29, 135
2026-08-07T12:14:44.852Z,sibyl_graph_build,0, Tesla V100-PCIE-32GB, 0, 0, 0, 32768, 25.55, 250.00, 29, 135
2026-08-07T12:14:45.892Z,sibyl_graph_build,0, Tesla V100-PCIE-32GB, 0, 0, 0, 32768, 25.64, 250.00, 29, 135
2026-08-07T12:14:46.938Z,sibyl_graph_build,0, Tesla V100-PCIE-32GB, 0, 0, 0, 32768, 25.63, 250.00, 29, 135
2026-08-07T12:14:47.984Z,sibyl_graph_build,0, Tesla V100-PCIE-32GB, 0, 0, 0, 32768, 25.64, 250.00, 29, 135
2026-08-07T12:14:49.032Z,sibyl_graph_build,0, Tesla V100-PCIE-32GB, 0, 0, 0, 32768, 25.64, 250.00, 29, 135
2026-08-07T12:14:50.071Z,sibyl_graph_build,0, Tesla V100-PCIE-32GB, 0, 0, 0, 32768, 25.53, 250.00, 29, 135
2026-08-07T12:14:51.120Z,sibyl_graph_build,0, Tesla V100-PCIE-32GB, 0, 0, 0, 32768, 25.64, 250.00, 29, 135
2026-08-07T12:14:52.163Z,sibyl_graph_build,0, Tesla V100-PCIE-32GB, 0, 0, 0, 32768, 25.55, 250.00, 29, 135
2026-08-07T12:14:53.202Z,sibyl_graph_build,0, Tesla V100-PCIE-32GB, 0, 0, 0, 32768, 25.64, 250.00, 29, 135
2026-08-07T12:14:54.245Z,sibyl_graph_build,0, Tesla V100-PCIE-32GB, 0, 0, 0, 32768, 25.64, 250.00, 29, 135
2026-08-07T12:14:55.289Z,sibyl_graph_build,0, Tesla V100-PCIE-32GB, 0, 0, 0, 32768, 25.53, 250.00, 29, 135
2026-08-07T12:14:56.333Z,sibyl_graph_build,0, Tesla V100-PCIE-32GB, 0, 0, 0, 32768, 25.64, 250.00, 29, 135
2026-08-07T12:14:57.372Z,sibyl_graph_build,0, Tesla V100-PCIE-32GB, 0, 0, 0, 32768, 25.64, 250.00, 29, 135
2026-08-07T12:14:58.418Z,sibyl_graph_build,0, Tesla V100-PCIE-32GB, 0, 0, 0, 32768, 25.64, 250.00, 29, 135
2026-08-07T12:14:59.456Z,sibyl_graph_build,0, Tesla V100-PCIE-32GB, 0, 0, 0, 32768, 25.64, 250.00, 29, 135
2026-08-07T12:15:00.501Z,sibyl_graph_build,0, Tesla V100-PCIE-32GB, 0, 0, 0, 32768, 25.53, 250.00, 29, 135
2026-08-07T12:15:01.544Z,sibyl_graph_build,0, Tesla V100-PCIE-32GB, 0, 0, 0, 32768, 25.64, 250.00, 29, 135
2026-08-07T12:15:02.584Z,sibyl_graph_build,0, Tesla V100-PCIE-32GB, 0, 0, 0, 32768, 25.65, 250.00, 29, 135
2026-08-07T12:15:03.630Z,sibyl_graph_build,0, Tesla V100-PCIE-32GB, 0, 0, 0, 32768, 25.64, 250.00, 29, 135
2026-08-07T12:15:04.670Z,sibyl_graph_build,0, Tesla V100-PCIE-32GB, 0, 0, 0, 32768, 25.64, 250.00, 29, 135
2026-08-07T12:15:05.719Z,sibyl_graph_build,0, Tesla V100-PCIE-32GB, 0, 0, 0, 32768, 25.53, 250.00, 29, 135
2026-08-07T12:15:06.759Z,sibyl_graph_build,0, Tesla V100-PCIE-32GB, 0, 0, 0, 32768, 25.64, 250.00, 29, 135
2026-08-07T12:15:07.798Z,sibyl_graph_build,0, Tesla V100-PCIE-32GB, 0, 0, 0, 32768, 25.64, 250.00, 29, 135
2026-08-07T12:15:08.848Z,sibyl_graph_build,0, Tesla V100-PCIE-32GB, 0, 0, 0, 32768, 25.64, 250.00, 29, 135
2026-08-07T12:15:09.890Z,sibyl_graph_build,0, Tesla V100-PCIE-32GB, 0, 0, 0, 32768, 25.64, 250.00, 29, 135
2026-08-07T12:15:10.932Z,sibyl_graph_build,0, Tesla V100-PCIE-32GB, 0, 0, 0, 32768, 25.63, 250.00, 29, 135
2026-08-07T12:15:11.974Z,sibyl_graph_build,0, Tesla V100-PCIE-32GB, 0, 0, 0, 32768, 25.64, 250.00, 29, 135
2026-08-07T12:15:13.019Z,sibyl_graph_build,0, Tesla V100-PCIE-32GB, 0, 0, 0, 32768, 25.64, 250.00, 29, 135
2026-08-07T12:15:14.059Z,sibyl_graph_build,0, Tesla V100-PCIE-32GB, 0, 0, 0, 32768, 25.65, 250.00, 29, 135
2026-08-07T12:15:15.109Z,sibyl_graph_build,0, Tesla V100-PCIE-32GB, 0, 0, 0, 32768, 25.64, 250.00, 29, 135
2026-08-07T12:15:16.150Z,sibyl_graph_build,0, Tesla V100-PCIE-32GB, 0, 0, 0, 32768, 25.63, 250.00, 29, 135
2026-08-07T12:15:17.192Z,sibyl_graph_build,0, Tesla V100-PCIE-32GB, 0, 0, 0, 32768, 25.64, 250.00, 29, 135
2026-08-07T12:15:18.241Z,sibyl_graph_build,0, Tesla V100-PCIE-32GB, 0, 0, 0, 32768, 25.64, 250.00, 29, 135
2026-08-07T12:15:19.284Z,sibyl_graph_build,0, Tesla V100-PCIE-32GB, 0, 0, 0, 32768, 25.62, 250.00, 29, 135
2026-08-07T12:15:20.330Z,sibyl_graph_build,0, Tesla V100-PCIE-32GB, 0, 0, 0, 32768, 25.64, 250.00, 29, 135
2026-08-07T12:15:21.368Z,sibyl_graph_build,0, Tesla V100-PCIE-32GB, 0, 0, 0, 32768, 25.64, 250.00, 29, 135
2026-08-07T12:15:22.419Z,sibyl_graph_build,0, Tesla V100-PCIE-32GB, 0, 0, 0, 32768, 25.55, 250.00, 29, 135
2026-08-07T12:15:23.456Z,sibyl_graph_build,0, Tesla V100-PCIE-32GB, 0, 0, 0, 32768, 25.55, 250.00, 29, 135
2026-08-07T12:15:24.496Z,sibyl_graph_build,0, Tesla V100-PCIE-32GB, 0, 0, 0, 32768, 25.63, 250.00, 29, 135
2026-08-07T12:15:25.544Z,sibyl_graph_build,0, Tesla V100-PCIE-32GB, 0, 0, 0, 32768, 25.64, 250.00, 29, 135
2026-08-07T12:15:26.583Z,sibyl_graph_build,0, Tesla V100-PCIE-32GB, 0, 0, 0, 32768, 25.64, 250.00, 29, 135
2026-08-07T12:15:27.631Z,sibyl_graph_build,0, Tesla V100-PCIE-32GB, 0, 0, 0, 32768, 25.64, 250.00, 29, 135
2026-08-07T12:15:28.671Z,sibyl_graph_build,0, Tesla V100-PCIE-32GB, 0, 0, 0, 32768, 25.64, 250.00, 29, 135
2026-08-07T12:15:29.718Z,sibyl_graph_build,0, Tesla V100-PCIE-32GB, 0, 0, 0, 32768, 25.53, 250.00, 29, 135
2026-08-07T12:15:30.757Z,sibyl_graph_build,0, Tesla V100-PCIE-32GB, 0, 0, 0, 32768, 25.64, 250.00, 29, 135
2026-08-07T12:15:31.795Z,sibyl_graph_build,0, Tesla V100-PCIE-32GB, 0, 0, 0, 32768, 25.64, 250.00, 29, 135
2026-08-07T12:15:32.838Z,sibyl_graph_build,0, Tesla V100-PCIE-32GB, 0, 0, 0, 32768, 25.64, 250.00, 29, 135
2026-08-07T12:15:33.878Z,sibyl_graph_build,0, Tesla V100-PCIE-32GB, 0, 0, 0, 32768, 25.64, 250.00, 29, 135
2026-08-07T12:15:34.925Z,sibyl_graph_build,0, Tesla V100-PCIE-32GB, 0, 0, 0, 32768, 25.53, 250.00, 29, 135
2026-08-07T12:15:35.964Z,sibyl_graph_build,0, Tesla V100-PCIE-32GB, 0, 0, 0, 32768, 25.65, 250.00, 29, 135
2026-08-07T12:15:37.013Z,sibyl_graph_build,0, Tesla V100-PCIE-32GB, 0, 0, 0, 32768, 25.55, 250.00, 29, 135
2026-08-07T12:15:38.052Z,sibyl_graph_build,0, Tesla V100-PCIE-32GB, 0, 0, 0, 32768, 25.53, 250.00, 29, 135
2026-08-07T12:15:39.110Z,sibyl_graph_build,0, Tesla V100-PCIE-32GB, 0, 0, 0, 32768, 25.65, 250.00, 29, 135
2026-08-07T12:15:40.151Z,sibyl_graph_build,0, Tesla V100-PCIE-32GB, 0, 0, 0, 32768, 25.64, 250.00, 29, 135
2026-08-07T12:15:41.190Z,sibyl_graph_build,0, Tesla V100-PCIE-32GB, 0, 0, 0, 32768, 25.65, 250.00, 29, 135
2026-08-07T12:15:42.237Z,sibyl_graph_build,0, Tesla V100-PCIE-32GB, 0, 0, 0, 32768, 25.55, 250.00, 29, 135
2026-08-07T12:15:43.276Z,sibyl_graph_build,0, Tesla V100-PCIE-32GB, 0, 0, 0, 32768, 25.53, 250.00, 29, 135
2026-08-07T12:15:44.323Z,sibyl_graph_build,0, Tesla V100-PCIE-32GB, 0, 0, 0, 32768, 25.64, 250.00, 29, 135
2026-08-07T12:15:45.365Z,sibyl_graph_build,0, Tesla V100-PCIE-32GB, 0, 0, 0, 32768, 25.55, 250.00, 29, 135
2026-08-07T12:15:46.411Z,sibyl_graph_build,0, Tesla V100-PCIE-32GB, 0, 0, 0, 32768, 25.65, 250.00, 29, 135
2026-08-07T12:15:47.456Z,sibyl_graph_build,0, Tesla V100-PCIE-32GB, 0, 0, 0, 32768, 25.65, 250.00, 29, 135
2026-08-07T12:15:48.512Z,sibyl_graph_build,0, Tesla V100-PCIE-32GB, 0, 0, 0, 32768, 25.63, 250.00, 29, 135
2026-08-07T12:15:49.552Z,sibyl_graph_build,0, Tesla V100-PCIE-32GB, 0, 0, 0, 32768, 25.64, 250.00, 29, 135
2026-08-07T12:15:50.595Z,sibyl_graph_build,0, Tesla V100-PCIE-32GB, 0, 0, 0, 32768, 25.64, 250.00, 29, 135
2026-08-07T12:15:51.646Z,sibyl_graph_build,0, Tesla V100-PCIE-32GB, 0, 0, 0, 32768, 25.64, 250.00, 29, 135
2026-08-07T12:15:52.686Z,sibyl_graph_build,0, Tesla V100-PCIE-32GB, 0, 0, 0, 32768, 25.65, 250.00, 29, 135
2026-08-07T12:15:53.735Z,sibyl_graph_build,0, Tesla V100-PCIE-32GB, 0, 0, 0, 32768, 25.53, 250.00, 29, 135
2026-08-07T12:15:54.777Z,sibyl_graph_build,0, Tesla V100-PCIE-32GB, 0, 0, 0, 32768, 25.55, 250.00, 29, 135
2026-08-07T12:15:55.818Z,sibyl_graph_build,0, Tesla V100-PCIE-32GB, 0, 0, 0, 32768, 25.65, 250.00, 29, 135
2026-08-07T12:15:56.857Z,sibyl_graph_build,0, Tesla V100-PCIE-32GB, 0, 0, 0, 32768, 25.55, 250.00, 29, 135
2026-08-07T12:15:57.897Z,sibyl_graph_build,0, Tesla V100-PCIE-32GB, 0, 0, 0, 32768, 25.64, 250.00, 29, 135
2026-08-07T12:15:58.945Z,sibyl_graph_build,0, Tesla V100-PCIE-32GB, 0, 0, 0, 32768, 25.64, 250.00, 29, 135
2026-08-07T12:15:59.984Z,sibyl_graph_build,0, Tesla V100-PCIE-32GB, 0, 0, 0, 32768, 25.64, 250.00, 29, 135
2026-08-07T12:16:01.035Z,sibyl_graph_build,0, Tesla V100-PCIE-32GB, 0, 0, 0, 32768, 25.64, 250.00, 29, 135
2026-08-07T12:16:02.076Z,sibyl_graph_build,0, Tesla V100-PCIE-32GB, 0, 0, 0, 32768, 25.52, 250.00, 29, 135
2026-08-07T12:16:03.119Z,sibyl_graph_build,0, Tesla V100-PCIE-32GB, 0, 0, 0, 32768, 25.64, 250.00, 29, 135
2026-08-07T12:16:04.159Z,sibyl_graph_build,0, Tesla V100-PCIE-32GB, 0, 0, 0, 32768, 25.64, 250.00, 29, 135
2026-08-07T12:16:05.198Z,sibyl_graph_build,0, Tesla V100-PCIE-32GB, 0, 0, 0, 32768, 25.64, 250.00, 29, 135
2026-08-07T12:16:06.238Z,sibyl_graph_build,0, Tesla V100-PCIE-32GB, 0, 0, 0, 32768, 25.64, 250.00, 29, 135
2026-08-07T12:16:07.279Z,sibyl_graph_build,0, Tesla V100-PCIE-32GB, 0, 0, 0, 32768, 25.63, 250.00, 29, 135
2026-08-07T12:16:08.321Z,sibyl_graph_build,0, Tesla V100-PCIE-32GB, 0, 0, 0, 32768, 25.64, 250.00, 29, 135
2026-08-07T12:16:09.365Z,sibyl_graph_build,0, Tesla V100-PCIE-32GB, 0, 0, 0, 32768, 25.64, 250.00, 29, 135
2026-08-07T12:16:10.413Z,sibyl_graph_build,0, Tesla V100-PCIE-32GB, 0, 0, 0, 32768, 25.55, 250.00, 29, 135
2026-08-07T12:16:11.455Z,sibyl_graph_build,0, Tesla V100-PCIE-32GB, 0, 0, 0, 32768, 25.64, 250.00, 29, 135
2026-08-07T12:16:12.494Z,sibyl_graph_build,0, Tesla V100-PCIE-32GB, 0, 0, 0, 32768, 25.53, 250.00, 29, 135
2026-08-07T12:16:13.533Z,sibyl_graph_build,0, Tesla V100-PCIE-32GB, 0, 0, 0, 32768, 25.55, 250.00, 29, 135
2026-08-07T12:16:14.572Z,sibyl_graph_build,0, Tesla V100-PCIE-32GB, 0, 0, 0, 32768, 25.64, 250.00, 29, 135
2026-08-07T12:16:15.616Z,sibyl_graph_build,0, Tesla V100-PCIE-32GB, 0, 0, 0, 32768, 25.64, 250.00, 29, 135
2026-08-07T12:16:16.659Z,sibyl_graph_build,0, Tesla V100-PCIE-32GB, 0, 0, 0, 32768, 25.64, 250.00, 29, 135
2026-08-07T12:16:17.699Z,sibyl_graph_build,0, Tesla V100-PCIE-32GB, 0, 0, 0, 32768, 25.53, 250.00, 29, 135
2026-08-07T12:16:18.744Z,sibyl_graph_build,0, Tesla V100-PCIE-32GB, 0, 0, 0, 32768, 25.64, 250.00, 29, 135
2026-08-07T12:16:19.782Z,sibyl_graph_build,0, Tesla V100-PCIE-32GB, 0, 0, 0, 32768, 25.64, 250.00, 29, 135
2026-08-07T12:16:20.827Z,sibyl_graph_build,0, Tesla V100-PCIE-32GB, 0, 0, 0, 32768, 25.53, 250.00, 29, 135
2026-08-07T12:16:21.869Z,sibyl_graph_build,0, Tesla V100-PCIE-32GB, 0, 0, 0, 32768, 25.64, 250.00, 29, 135
2026-08-07T12:16:22.916Z,sibyl_graph_build,0, Tesla V100-PCIE-32GB, 0, 0, 0, 32768, 25.55, 250.00, 29, 135
2026-08-07T12:16:23.956Z,sibyl_graph_build,0, Tesla V100-PCIE-32GB, 0, 0, 0, 32768, 25.64, 250.00, 29, 135
2026-08-07T12:16:24.995Z,sibyl_graph_build,0, Tesla V100-PCIE-32GB, 0, 0, 0, 32768, 25.55, 250.00, 29, 135
2026-08-07T12:16:26.041Z,sibyl_graph_build,0, Tesla V100-PCIE-32GB, 0, 0, 0, 32768, 25.63, 250.00, 29, 135
2026-08-07T12:16:27.082Z,sibyl_graph_build,0, Tesla V100-PCIE-32GB, 0, 0, 0, 32768, 25.55, 250.00, 29, 135
2026-08-07T12:16:28.129Z,sibyl_graph_build,0, Tesla V100-PCIE-32GB, 0, 0, 0, 32768, 25.64, 250.00, 29, 135
2026-08-07T12:16:29.169Z,sibyl_graph_build,0, Tesla V100-PCIE-32GB, 0, 0, 0, 32768, 25.64, 250.00, 29, 135
2026-08-07T12:16:30.212Z,sibyl_graph_build,0, Tesla V100-PCIE-32GB, 0, 0, 0, 32768, 25.64, 250.00, 29, 135
2026-08-07T12:16:31.251Z,sibyl_graph_build,0, Tesla V100-PCIE-32GB, 0, 0, 0, 32768, 25.63, 250.00, 29, 135
2026-08-07T12:16:32.290Z,sibyl_graph_build,0, Tesla V100-PCIE-32GB, 0, 0, 0, 32768, 25.64, 250.00, 29, 135
2026-08-07T12:16:33.336Z,sibyl_graph_build,0, Tesla V100-PCIE-32GB, 0, 0, 0, 32768, 25.64, 250.00, 29, 135
2026-08-07T12:16:34.380Z,sibyl_graph_build,0, Tesla V100-PCIE-32GB, 0, 0, 0, 32768, 25.63, 250.00, 29, 135
2026-08-07T12:16:35.440Z,sibyl_graph_build,0, Tesla V100-PCIE-32GB, 0, 0, 0, 32768, 25.65, 250.00, 29, 135
2026-08-07T12:16:36.479Z,sibyl_graph_build,0, Tesla V100-PCIE-32GB, 0, 0, 0, 32768, 25.55, 250.00, 29, 135
2026-08-07T12:16:37.528Z,sibyl_graph_build,0, Tesla V100-PCIE-32GB, 0, 0, 0, 32768, 25.55, 250.00, 29, 135
2026-08-07T12:16:38.569Z,sibyl_graph_build,0, Tesla V100-PCIE-32GB, 0, 0, 0, 32768, 25.55, 250.00, 29, 135
2026-08-07T12:16:39.607Z,sibyl_graph_build,0, Tesla V100-PCIE-32GB, 0, 0, 0, 32768, 25.52, 250.00, 29, 135
2026-08-07T12:16:40.649Z,sibyl_graph_build,0, Tesla V100-PCIE-32GB, 0, 0, 0, 32768, 25.55, 250.00, 29, 135
2026-08-07T12:16:41.691Z,sibyl_graph_build,0, Tesla V100-PCIE-32GB, 0, 0, 0, 32768, 25.64, 250.00, 29, 135
2026-08-07T12:16:42.739Z,sibyl_graph_build,0, Tesla V100-PCIE-32GB, 0, 0, 0, 32768, 25.64, 250.00, 29, 135
2026-08-07T12:16:43.779Z,sibyl_graph_build,0, Tesla V100-PCIE-32GB, 0, 0, 0, 32768, 25.64, 250.00, 29, 135
2026-08-07T12:16:44.820Z,sibyl_graph_build,0, Tesla V100-PCIE-32GB, 0, 0, 0, 32768, 25.64, 250.00, 29, 135
2026-08-07T12:16:45.863Z,sibyl_graph_build,0, Tesla V100-PCIE-32GB, 0, 0, 0, 32768, 25.65, 250.00, 29, 135
2026-08-07T12:16:46.902Z,sibyl_graph_build,0, Tesla V100-PCIE-32GB, 0, 0, 0, 32768, 25.64, 250.00, 29, 135
2026-08-07T12:16:47.947Z,sibyl_graph_build,0, Tesla V100-PCIE-32GB, 0, 0, 0, 32768, 25.45, 250.00, 29, 135
2026-08-07T12:16:48.990Z,sibyl_graph_build,0, Tesla V100-PCIE-32GB, 0, 0, 0, 32768, 25.64, 250.00, 29, 135
2026-08-07T12:16:50.035Z,sibyl_graph_build,0, Tesla V100-PCIE-32GB, 0, 0, 0, 32768, 25.63, 250.00, 29, 135
2026-08-07T12:16:51.078Z,sibyl_graph_build,0, Tesla V100-PCIE-32GB, 0, 0, 0, 32768, 25.64, 250.00, 29, 135
2026-08-07T12:16:52.125Z,sibyl_graph_build,0, Tesla V100-PCIE-32GB, 0, 0, 0, 32768, 25.64, 250.00, 29, 135
2026-08-07T12:16:53.169Z,sibyl_graph_build,0, Tesla V100-PCIE-32GB, 0, 0, 0, 32768, 25.64, 250.00, 29, 135
2026-08-07T12:16:54.217Z,sibyl_graph_build,0, Tesla V100-PCIE-32GB, 0, 0, 0, 32768, 25.65, 250.00, 29, 135
2026-08-07T12:16:55.257Z,sibyl_graph_build,0, Tesla V100-PCIE-32GB, 0, 0, 0, 32768, 25.53, 250.00, 29, 135
2026-08-07T12:16:56.312Z,sibyl_graph_build,0, Tesla V100-PCIE-32GB, 0, 0, 0, 32768, 25.55, 250.00, 29, 135
2026-08-07T12:16:57.354Z,sibyl_graph_build,0, Tesla V100-PCIE-32GB, 0, 0, 0, 32768, 25.64, 250.00, 29, 135
2026-08-07T12:16:58.392Z,sibyl_graph_build,0, Tesla V100-PCIE-32GB, 0, 0, 0, 32768, 25.64, 250.00, 29, 135
2026-08-07T12:16:59.441Z,sibyl_graph_build,0, Tesla V100-PCIE-32GB, 0, 0, 0, 32768, 25.55, 250.00, 29, 135
2026-08-07T12:17:00.480Z,sibyl_graph_build,0, Tesla V100-PCIE-32GB, 0, 0, 0, 32768, 25.53, 250.00, 29, 135
2026-08-07T12:17:01.533Z,sibyl_graph_build,0, Tesla V100-PCIE-32GB, 0, 0, 0, 32768, 25.64, 250.00, 29, 135
2026-08-07T12:17:02.573Z,sibyl_graph_build,0, Tesla V100-PCIE-32GB, 0, 0, 0, 32768, 25.55, 250.00, 29, 135
2026-08-07T12:17:03.618Z,sibyl_graph_build,0, Tesla V100-PCIE-32GB, 0, 0, 0, 32768, 25.55, 250.00, 29, 135
2026-08-07T12:17:04.662Z,sibyl_graph_build,0, Tesla V100-PCIE-32GB, 0, 0, 0, 32768, 25.45, 250.00, 29, 135
2026-08-07T12:17:05.711Z,sibyl_graph_build,0, Tesla V100-PCIE-32GB, 0, 0, 0, 32768, 25.53, 250.00, 29, 135
2026-08-07T12:17:06.755Z,sibyl_graph_build,0, Tesla V100-PCIE-32GB, 0, 0, 0, 32768, 25.64, 250.00, 29, 135
2026-08-07T12:17:07.794Z,sibyl_graph_build,0, Tesla V100-PCIE-32GB, 0, 0, 0, 32768, 25.55, 250.00, 29, 135
2026-08-07T12:17:08.841Z,sibyl_graph_build,0, Tesla V100-PCIE-32GB, 0, 0, 0, 32768, 25.55, 250.00, 29, 135
2026-08-07T12:17:09.880Z,sibyl_graph_build,0, Tesla V100-PCIE-32GB, 0, 0, 0, 32768, 25.55, 250.00, 29, 135
2026-08-07T12:17:10.921Z,sibyl_graph_build,0, Tesla V100-PCIE-32GB, 0, 0, 0, 32768, 25.53, 250.00, 29, 135
2026-08-07T12:17:11.965Z,sibyl_graph_build,0, Tesla V100-PCIE-32GB, 0, 0, 0, 32768, 25.64, 250.00, 29, 135
2026-08-07T12:17:13.015Z,sibyl_graph_build,0, Tesla V100-PCIE-32GB, 0, 0, 0, 32768, 25.64, 250.00, 29, 135
2026-08-07T12:17:14.054Z,sibyl_graph_build,0, Tesla V100-PCIE-32GB, 0, 0, 0, 32768, 25.55, 250.00, 29, 135
2026-08-07T12:17:15.092Z,sibyl_graph_build,0, Tesla V100-PCIE-32GB, 0, 0, 0, 32768, 25.55, 250.00, 29, 135
2026-08-07T12:17:16.138Z,sibyl_graph_build,0, Tesla V100-PCIE-32GB, 0, 0, 0, 32768, 25.53, 250.00, 29, 135
2026-08-07T12:17:17.179Z,sibyl_graph_build,0, Tesla V100-PCIE-32GB, 0, 0, 0, 32768, 25.64, 250.00, 29, 135
2026-08-07T12:17:18.227Z,sibyl_graph_build,0, Tesla V100-PCIE-32GB, 0, 0, 0, 32768, 25.65, 250.00, 29, 135
2026-08-07T12:17:19.266Z,sibyl_graph_build,0, Tesla V100-PCIE-32GB, 0, 0, 0, 32768, 25.64, 250.00, 29, 135
2026-08-07T12:17:20.313Z,sibyl_graph_build,0, Tesla V100-PCIE-32GB, 0, 0, 0, 32768, 25.65, 250.00, 29, 135
2026-08-07T12:17:21.353Z,sibyl_graph_build,0, Tesla V100-PCIE-32GB, 0, 0, 0, 32768, 25.55, 250.00, 29, 135
2026-08-07T12:17:22.396Z,sibyl_graph_build,0, Tesla V100-PCIE-32GB, 0, 0, 0, 32768, 25.64, 250.00, 29, 135
2026-08-07T12:17:23.440Z,sibyl_graph_build,0, Tesla V100-PCIE-32GB, 0, 0, 0, 32768, 25.65, 250.00, 29, 135
2026-08-07T12:17:24.479Z,sibyl_graph_build,0, Tesla V100-PCIE-32GB, 0, 0, 0, 32768, 25.63, 250.00, 29, 135
2026-08-07T12:17:25.519Z,sibyl_graph_build,0, Tesla V100-PCIE-32GB, 0, 0, 0, 32768, 25.55, 250.00, 29, 135
2026-08-07T12:17:26.558Z,sibyl_graph_build,0, Tesla V100-PCIE-32GB, 0, 0, 0, 32768, 25.65, 250.00, 29, 135
2026-08-07T12:17:27.602Z,sibyl_graph_build,0, Tesla V100-PCIE-32GB, 0, 0, 0, 32768, 25.64, 250.00, 29, 135
2026-08-07T12:17:28.649Z,sibyl_graph_build,0, Tesla V100-PCIE-32GB, 0, 0, 0, 32768, 25.65, 250.00, 29, 135
2026-08-07T12:17:29.688Z,sibyl_graph_build,0, Tesla V100-PCIE-32GB, 0, 0, 0, 32768, 25.63, 250.00, 29, 135
2026-08-07T12:17:30.733Z,sibyl_graph_build,0, Tesla V100-PCIE-32GB, 0, 0, 0, 32768, 25.64, 250.00, 29, 135
2026-08-07T12:17:31.773Z,sibyl_graph_build,0, Tesla V100-PCIE-32GB, 0, 0, 0, 32768, 25.55, 250.00, 29, 135
2026-08-07T12:17:32.815Z,sibyl_graph_build,0, Tesla V100-PCIE-32GB, 0, 0, 0, 32768, 25.64, 250.00, 29, 135
2026-08-07T12:17:33.854Z,sibyl_graph_build,0, Tesla V100-PCIE-32GB, 0, 0, 0, 32768, 25.64, 250.00, 29, 135
2026-08-07T12:17:34.895Z,sibyl_graph_build,0, Tesla V100-PCIE-32GB, 0, 0, 0, 32768, 25.53, 250.00, 29, 135
2026-08-07T12:17:35.941Z,sibyl_graph_build,0, Tesla V100-PCIE-32GB, 0, 0, 0, 32768, 25.55, 250.00, 29, 135
2026-08-07T12:17:36.982Z,sibyl_graph_build,0, Tesla V100-PCIE-32GB, 0, 0, 0, 32768, 25.65, 250.00, 29, 135
2026-08-07T12:17:38.028Z,sibyl_graph_build,0, Tesla V100-PCIE-32GB, 0, 0, 0, 32768, 25.55, 250.00, 29, 135
2026-08-07T12:17:39.066Z,sibyl_graph_build,0, Tesla V100-PCIE-32GB, 0, 0, 0, 32768, 25.64, 250.00, 29, 135
2026-08-07T12:17:40.115Z,sibyl_graph_build,0, Tesla V100-PCIE-32GB, 0, 0, 0, 32768, 25.63, 250.00, 29, 135
2026-08-07T12:17:41.157Z,sibyl_graph_build,0, Tesla V100-PCIE-32GB, 0, 0, 0, 32768, 25.64, 250.00, 29, 135
2026-08-07T12:17:42.196Z,sibyl_graph_build,0, Tesla V100-PCIE-32GB, 0, 0, 0, 32768, 25.64, 250.00, 29, 135
2026-08-07T12:17:43.240Z,sibyl_graph_build,0, Tesla V100-PCIE-32GB, 0, 0, 0, 32768, 25.55, 250.00, 29, 135
2026-08-07T12:17:44.280Z,sibyl_graph_build,0, Tesla V100-PCIE-32GB, 0, 0, 0, 32768, 25.64, 250.00, 29, 135
2026-08-07T12:17:45.333Z,sibyl_graph_build,0, Tesla V100-PCIE-32GB, 0, 0, 0, 32768, 25.63, 250.00, 29, 135
2026-08-07T12:17:46.374Z,sibyl_graph_build,0, Tesla V100-PCIE-32GB, 0, 0, 0, 32768, 25.64, 250.00, 29, 135
2026-08-07T12:17:47.419Z,sibyl_graph_build,0, Tesla V100-PCIE-32GB, 0, 0, 0, 32768, 25.55, 250.00, 29, 135
2026-08-07T12:17:48.459Z,sibyl_graph_build,0, Tesla V100-PCIE-32GB, 0, 0, 0, 32768, 25.64, 250.00, 29, 135
2026-08-07T12:17:49.511Z,sibyl_graph_build,0, Tesla V100-PCIE-32GB, 0, 0, 0, 32768, 25.64, 250.00, 29, 135
2026-08-07T12:17:50.549Z,sibyl_graph_build,0, Tesla V100-PCIE-32GB, 0, 0, 0, 32768, 25.63, 250.00, 29, 135
2026-08-07T12:17:51.589Z,sibyl_graph_build,0, Tesla V100-PCIE-32GB, 0, 0, 0, 32768, 25.64, 250.00, 29, 135
2026-08-07T12:17:52.632Z,sibyl_graph_build,0, Tesla V100-PCIE-32GB, 0, 0, 0, 32768, 25.55, 250.00, 29, 135
2026-08-07T12:17:53.670Z,sibyl_graph_build,0, Tesla V100-PCIE-32GB, 0, 0, 0, 32768, 25.64, 250.00, 29, 135
2026-08-07T12:17:54.717Z,sibyl_graph_build,0, Tesla V100-PCIE-32GB, 0, 0, 0, 32768, 25.55, 250.00, 29, 135
2026-08-07T12:17:55.758Z,sibyl_graph_build,0, Tesla V100-PCIE-32GB, 0, 0, 0, 32768, 25.63, 250.00, 29, 135
2026-08-07T12:17:56.809Z,sibyl_graph_build,0, Tesla V100-PCIE-32GB, 0, 0, 0, 32768, 25.64, 250.00, 29, 135
2026-08-07T12:17:57.847Z,sibyl_graph_build,0, Tesla V100-PCIE-32GB, 0, 0, 0, 32768, 25.64, 250.00, 29, 135
2026-08-07T12:17:58.893Z,sibyl_graph_build,0, Tesla V100-PCIE-32GB, 0, 0, 0, 32768, 25.55, 250.00, 29, 135
2026-08-07T12:17:59.941Z,sibyl_graph_build,0, Tesla V100-PCIE-32GB, 0, 0, 0, 32768, 25.55, 250.00, 29, 135
2026-08-07T12:18:00.983Z,sibyl_graph_build,0, Tesla V100-PCIE-32GB, 0, 0, 0, 32768, 25.63, 250.00, 29, 135
2026-08-07T12:18:02.033Z,sibyl_graph_build,0, Tesla V100-PCIE-32GB, 0, 0, 0, 32768, 25.64, 250.00, 29, 135
2026-08-07T12:18:03.071Z,sibyl_graph_build,0, Tesla V100-PCIE-32GB, 0, 0, 0, 32768, 25.55, 250.00, 29, 135
2026-08-07T12:18:04.116Z,sibyl_graph_build,0, Tesla V100-PCIE-32GB, 0, 0, 0, 32768, 25.64, 250.00, 29, 135
2026-08-07T12:18:05.161Z,sibyl_graph_build,0, Tesla V100-PCIE-32GB, 0, 0, 0, 32768, 25.55, 250.00, 29, 135
2026-08-07T12:18:06.207Z,sibyl_graph_build,0, Tesla V100-PCIE-32GB, 0, 0, 0, 32768, 25.63, 250.00, 29, 135
2026-08-07T12:18:07.246Z,sibyl_graph_build,0, Tesla V100-PCIE-32GB, 0, 0, 0, 32768, 25.55, 250.00, 29, 135
2026-08-07T12:18:08.284Z,sibyl_graph_build,0, Tesla V100-PCIE-32GB, 0, 0, 0, 32768, 25.65, 250.00, 29, 135
2026-08-07T12:18:09.339Z,sibyl_graph_build,0, Tesla V100-PCIE-32GB, 0, 0, 0, 32768, 25.55, 250.00, 29, 135
2026-08-07T12:18:10.379Z,sibyl_graph_build,0, Tesla V100-PCIE-32GB, 0, 0, 0, 32768, 25.65, 250.00, 29, 135
2026-08-07T12:18:11.425Z,sibyl_graph_build,0, Tesla V100-PCIE-32GB, 0, 0, 0, 32768, 25.63, 250.00, 29, 135
2026-08-07T12:18:12.474Z,sibyl_graph_build,0, Tesla V100-PCIE-32GB, 0, 0, 0, 32768, 25.65, 250.00, 29, 135
2026-08-07T12:18:13.517Z,sibyl_graph_build,0, Tesla V100-PCIE-32GB, 0, 0, 0, 32768, 25.64, 250.00, 29, 135
2026-08-07T12:18:14.556Z,sibyl_graph_build,0, Tesla V100-PCIE-32GB, 0, 0, 0, 32768, 25.64, 250.00, 29, 135
2026-08-07T12:18:15.595Z,sibyl_graph_build,0, Tesla V100-PCIE-32GB, 0, 0, 0, 32768, 25.55, 250.00, 29, 135
2026-08-07T12:18:16.641Z,sibyl_graph_build,0, Tesla V100-PCIE-32GB, 0, 0, 0, 32768, 25.63, 250.00, 29, 135
2026-08-07T12:18:17.678Z,sibyl_graph_build,0, Tesla V100-PCIE-32GB, 0, 0, 0, 32768, 25.55, 250.00, 29, 135
2026-08-07T12:18:18.721Z,sibyl_graph_build,0, Tesla V100-PCIE-32GB, 0, 0, 0, 32768, 25.64, 250.00, 29, 135
2026-08-07T12:18:19.763Z,sibyl_graph_build,0, Tesla V100-PCIE-32GB, 0, 0, 0, 32768, 25.64, 250.00, 29, 135
2026-08-07T12:18:20.811Z,sibyl_graph_build,0, Tesla V100-PCIE-32GB, 0, 0, 0, 32768, 25.65, 250.00, 29, 135
2026-08-07T12:18:21.849Z,sibyl_graph_build,0, Tesla V100-PCIE-32GB, 0, 0, 0, 32768, 25.63, 250.00, 29, 135
2026-08-07T12:18:22.888Z,sibyl_graph_build,0, Tesla V100-PCIE-32GB, 0, 0, 0, 32768, 25.64, 250.00, 29, 135
2026-08-07T12:18:23.932Z,sibyl_graph_build,0, Tesla V100-PCIE-32GB, 0, 0, 0, 32768, 25.64, 250.00, 29, 135
2026-08-07T12:18:24.973Z,sibyl_graph_build,0, Tesla V100-PCIE-32GB, 0, 0, 0, 32768, 25.64, 250.00, 29, 135
2026-08-07T12:18:26.018Z,sibyl_graph_build,0, Tesla V100-PCIE-32GB, 0, 0, 0, 32768, 25.64, 250.00, 29, 135
2026-08-07T12:18:27.061Z,sibyl_graph_build,0, Tesla V100-PCIE-32GB, 0, 0, 0, 32768, 25.63, 250.00, 29, 135
2026-08-07T12:18:28.099Z,sibyl_graph_build,0, Tesla V100-PCIE-32GB, 0, 0, 0, 32768, 25.63, 250.00, 29, 135
2026-08-07T12:18:29.144Z,sibyl_graph_build,0, Tesla V100-PCIE-32GB, 0, 0, 0, 32768, 25.64, 250.00, 29, 135
2026-08-07T12:18:30.184Z,sibyl_graph_build,0, Tesla V100-PCIE-32GB, 0, 0, 0, 32768, 25.63, 250.00, 29, 135
2026-08-07T12:18:31.235Z,sibyl_graph_build,0, Tesla V100-PCIE-32GB, 0, 0, 0, 32768, 25.63, 250.00, 29, 135
2026-08-07T12:18:32.274Z,sibyl_graph_build,0, Tesla V100-PCIE-32GB, 0, 0, 0, 32768, 25.53, 250.00, 29, 135
2026-08-07T12:18:33.318Z,sibyl_graph_build,0, Tesla V100-PCIE-32GB, 0, 0, 0, 32768, 25.55, 250.00, 29, 135
2026-08-07T12:18:34.357Z,sibyl_graph_build,0, Tesla V100-PCIE-32GB, 0, 0, 0, 32768, 25.63, 250.00, 29, 135
2026-08-07T12:18:35.419Z,sibyl_graph_build,0, Tesla V100-PCIE-32GB, 0, 0, 0, 32768, 25.55, 250.00, 29, 135
2026-08-07T12:18:36.457Z,sibyl_graph_build,0, Tesla V100-PCIE-32GB, 0, 0, 0, 32768, 25.65, 250.00, 29, 135
2026-08-07T12:18:37.497Z,sibyl_graph_build,0, Tesla V100-PCIE-32GB, 0, 0, 0, 32768, 25.55, 250.00, 29, 135
2026-08-07T12:18:38.548Z,sibyl_graph_build,0, Tesla V100-PCIE-32GB, 0, 0, 0, 32768, 25.65, 250.00, 29, 135
2026-08-07T12:18:39.586Z,sibyl_graph_build,0, Tesla V100-PCIE-32GB, 0, 0, 0, 32768, 25.53, 250.00, 29, 135
2026-08-07T12:18:40.634Z,sibyl_graph_build,0, Tesla V100-PCIE-32GB, 0, 0, 0, 32768, 25.64, 250.00, 29, 135
2026-08-07T12:18:41.673Z,sibyl_graph_build,0, Tesla V100-PCIE-32GB, 0, 0, 0, 32768, 25.55, 250.00, 29, 135
2026-08-07T12:18:42.716Z,sibyl_graph_build,0, Tesla V100-PCIE-32GB, 0, 0, 0, 32768, 25.55, 250.00, 29, 135
2026-08-07T12:18:43.753Z,sibyl_graph_build,0, Tesla V100-PCIE-32GB, 0, 0, 0, 32768, 25.65, 250.00, 29, 135
2026-08-07T12:18:44.794Z,sibyl_graph_build,0, Tesla V100-PCIE-32GB, 0, 0, 0, 32768, 25.63, 250.00, 29, 135
2026-08-07T12:18:45.838Z,sibyl_graph_build,0, Tesla V100-PCIE-32GB, 0, 0, 0, 32768, 25.64, 250.00, 29, 135
2026-08-07T12:18:46.878Z,sibyl_graph_build,0, Tesla V100-PCIE-32GB, 0, 0, 0, 32768, 25.65, 250.00, 29, 135
2026-08-07T12:18:47.925Z,sibyl_graph_build,0, Tesla V100-PCIE-32GB, 0, 0, 0, 32768, 25.55, 250.00, 29, 135
2026-08-07T12:18:48.964Z,sibyl_graph_build,0, Tesla V100-PCIE-32GB, 0, 0, 0, 32768, 25.65, 250.00, 29, 135
